{
	"credit": "Made with Blockbench",
	"texture_size": [32, 32],
	"textures": {
		"0": "hat_textures/antlers_texture",
		"particle": "hat_textures/antlers_texture"
	},
	"elements": [
		{
			"from": [0.4, -1.6, -0.2],
			"to": [1.4, 0.8, 2],
			"rotation": {"angle": 0, "axis": "y", "origin": [0, -1, 0]},
			"faces": {
				"north": {"uv": [14, 2, 14.5, 3], "texture": "#0"},
				"east": {"uv": [12.5, 8.5, 13.5, 9.5], "texture": "#0"},
				"south": {"uv": [14.5, 0, 15, 1], "texture": "#0"},
				"west": {"uv": [12.5, 9.5, 13.5, 10.5], "texture": "#0"},
				"up": {"uv": [1, 15.5, 0.5, 14.5], "texture": "#0"},
				"down": {"uv": [1.5, 14.5, 1, 15.5], "texture": "#0"}
			}
		},
		{
			"from": [0.1, -1.9, -0.2],
			"to": [1.1, 0.6, 2],
			"rotation": {"angle": 22.5, "axis": "z", "origin": [0, -1, 0]},
			"faces": {
				"north": {"uv": [14.5, 1, 15, 2], "texture": "#0"},
				"east": {"uv": [12.5, 10.5, 13.5, 11.5], "texture": "#0"},
				"south": {"uv": [14.5, 2, 15, 3], "texture": "#0"},
				"west": {"uv": [12.5, 11.5, 13.5, 12.5], "texture": "#0"},
				"up": {"uv": [15, 4, 14.5, 3], "texture": "#0"},
				"down": {"uv": [15, 4, 14.5, 5], "texture": "#0"}
			}
		},
		{
			"from": [-0.6, 0.6, -0.4],
			"to": [1.4, 6.6, 1.6],
			"rotation": {"angle": 22.5, "axis": "x", "origin": [0, 0, 0]},
			"faces": {
				"north": {"uv": [6, 0, 7, 3], "texture": "#0"},
				"east": {"uv": [6, 3, 7, 6], "texture": "#0"},
				"south": {"uv": [6, 6, 7, 9], "texture": "#0"},
				"west": {"uv": [0, 7, 1, 10], "texture": "#0"},
				"up": {"uv": [13.5, 13.5, 12.5, 12.5], "texture": "#0"},
				"down": {"uv": [14, 0, 13, 1], "texture": "#0"}
			}
		},
		{
			"from": [-0.6, 6.4, -2.5],
			"to": [0.9, 12.4, -1],
			"rotation": {"angle": 45, "axis": "x", "origin": [0, 0, 0]},
			"faces": {
				"north": {"uv": [7, 0, 8, 3], "texture": "#0"},
				"east": {"uv": [1, 7, 2, 10], "texture": "#0"},
				"south": {"uv": [2, 7, 3, 10], "texture": "#0"},
				"west": {"uv": [3, 7, 4, 10], "texture": "#0"},
				"up": {"uv": [14, 3, 13, 2], "texture": "#0"},
				"down": {"uv": [11, 13, 10, 14], "texture": "#0"}
			}
		},
		{
			"from": [-0.3, 10.57688, 6.65201],
			"to": [0.6, 11.47688, 12.65201],
			"rotation": {"angle": -22.5, "axis": "x", "origin": [0.15, 12.12688, 9.65201]},
			"faces": {
				"north": {"uv": [15, 2, 15.5, 2.5], "texture": "#0"},
				"east": {"uv": [10, 0, 13, 0.5], "texture": "#0"},
				"south": {"uv": [2.5, 15, 3, 15.5], "texture": "#0"},
				"west": {"uv": [0.5, 10, 3.5, 10.5], "texture": "#0"},
				"up": {"uv": [10.5, 3.5, 10, 0.5], "texture": "#0"},
				"down": {"uv": [4, 10, 3.5, 13], "texture": "#0"}
			}
		},
		{
			"from": [-1.1, 0.64943, -0.03756],
			"to": [-0.2, 6.64943, 0.86244],
			"rotation": {"angle": 22.5, "axis": "z", "origin": [0.6, 3.24943, 1.56244]},
			"faces": {
				"north": {"uv": [7, 9, 7.5, 12], "texture": "#0"},
				"east": {"uv": [7.5, 9, 8, 12], "texture": "#0"},
				"south": {"uv": [8, 9, 8.5, 12], "texture": "#0"},
				"west": {"uv": [8.5, 9, 9, 12], "texture": "#0"},
				"up": {"uv": [15, 11.5, 14.5, 11], "texture": "#0"},
				"down": {"uv": [12, 14.5, 11.5, 15], "texture": "#0"}
			}
		},
		{
			"from": [-2.64466, 5.44753, 2],
			"to": [-1.14466, 12.44753, 3.5],
			"rotation": {"angle": 45, "axis": "z", "origin": [-0.64466, 8.94753, 2.6]},
			"faces": {
				"north": {"uv": [0, 0, 1, 3.5], "texture": "#0"},
				"east": {"uv": [1, 0, 2, 3.5], "texture": "#0"},
				"south": {"uv": [2, 0, 3, 3.5], "texture": "#0"},
				"west": {"uv": [3, 0, 4, 3.5], "texture": "#0"},
				"up": {"uv": [14, 2, 13, 1], "texture": "#0"},
				"down": {"uv": [2.5, 13, 1.5, 14], "texture": "#0"}
			}
		},
		{
			"from": [-4.8, 10.23367, 3.24711],
			"to": [-3.3, 17.23367, 4.74711],
			"rotation": {"angle": 22.5, "axis": "x", "origin": [-4.2, 13.73367, 3.84711]},
			"faces": {
				"north": {"uv": [0, 3.5, 1, 7], "texture": "#0"},
				"east": {"uv": [9, 3, 9.5, 6.5], "texture": "#0"},
				"south": {"uv": [1, 3.5, 2, 7], "texture": "#0"},
				"west": {"uv": [6, 9, 6.5, 12.5], "texture": "#0"},
				"up": {"uv": [15, 8.5, 14, 8], "texture": "#0"},
				"down": {"uv": [15.5, 5, 14.5, 5.5], "texture": "#0"}
			}
		},
		{
			"from": [-7, 11.23367, 2.14711],
			"to": [-6.1, 15.23367, 3.04711],
			"rotation": {"angle": 45, "axis": "z", "origin": [-4.2, 13.73367, 3.84711]},
			"faces": {
				"north": {"uv": [6.5, 12.5, 7, 14.5], "texture": "#0"},
				"east": {"uv": [0, 13, 0.5, 15], "texture": "#0"},
				"south": {"uv": [2.5, 13, 3, 15], "texture": "#0"},
				"west": {"uv": [3, 13, 3.5, 15], "texture": "#0"},
				"up": {"uv": [15, 12, 14.5, 11.5], "texture": "#0"},
				"down": {"uv": [15, 12, 14.5, 12.5], "texture": "#0"}
			}
		},
		{
			"from": [-7.2, 13.23367, 2.04711],
			"to": [-6.5, 17.23367, 2.74711],
			"rotation": {"angle": -22.5, "axis": "x", "origin": [-4.2, 13.73367, 3.84711]},
			"faces": {
				"north": {"uv": [3.5, 13, 4, 15], "texture": "#0"},
				"east": {"uv": [13, 3.5, 13.5, 5.5], "texture": "#0"},
				"south": {"uv": [4, 13, 4.5, 15], "texture": "#0"},
				"west": {"uv": [4.5, 13, 5, 15], "texture": "#0"},
				"up": {"uv": [15, 13, 14.5, 12.5], "texture": "#0"},
				"down": {"uv": [15, 13, 14.5, 13.5], "texture": "#0"}
			}
		},
		{
			"from": [-4.8, 15.1, -12.2],
			"to": [-3.6, 20.1, -11],
			"rotation": {"angle": 45, "axis": "x", "origin": [-2.3, -4.2, -1.2]},
			"faces": {
				"north": {"uv": [2.5, 10.5, 3, 13], "texture": "#0"},
				"east": {"uv": [3, 10.5, 3.5, 13], "texture": "#0"},
				"south": {"uv": [10.5, 5.5, 11, 8], "texture": "#0"},
				"west": {"uv": [10.5, 8, 11, 10.5], "texture": "#0"},
				"up": {"uv": [10, 15, 9.5, 14.5], "texture": "#0"},
				"down": {"uv": [15, 10, 14.5, 10.5], "texture": "#0"}
			}
		},
		{
			"from": [-4.5, 19.6, -11.5],
			"to": [-3.6, 23.3, -10.6],
			"rotation": {"angle": 45, "axis": "x", "origin": [-2.3, -3.7, -0.5]},
			"faces": {
				"north": {"uv": [5, 13, 5.5, 15], "texture": "#0"},
				"east": {"uv": [5.5, 13, 6, 15], "texture": "#0"},
				"south": {"uv": [13, 5.5, 13.5, 7.5], "texture": "#0"},
				"west": {"uv": [9, 13, 9.5, 15], "texture": "#0"},
				"up": {"uv": [15, 14, 14.5, 13.5], "texture": "#0"},
				"down": {"uv": [15, 14, 14.5, 14.5], "texture": "#0"}
			}
		},
		{
			"from": [-5, 22.1912, 10.62125],
			"to": [-4.3, 28.1912, 11.32125],
			"rotation": {"angle": -45, "axis": "z", "origin": [-4.05, 21.7912, 10.07125]},
			"faces": {
				"north": {"uv": [9.5, 3, 10, 6], "texture": "#0"},
				"east": {"uv": [9.5, 6, 10, 9], "texture": "#0"},
				"south": {"uv": [9.5, 9, 10, 12], "texture": "#0"},
				"west": {"uv": [0, 10, 0.5, 13], "texture": "#0"},
				"up": {"uv": [15, 15, 14.5, 14.5], "texture": "#0"},
				"down": {"uv": [0.5, 15, 0, 15.5], "texture": "#0"}
			}
		},
		{
			"from": [-4.2, 20.13955, 7.89031],
			"to": [-3, 25.13955, 9.09031],
			"rotation": {"angle": 22.5, "axis": "z", "origin": [-4.3, 18.63955, 6.79031]},
			"faces": {
				"north": {"uv": [10, 10.5, 10.5, 13], "texture": "#0"},
				"east": {"uv": [10.5, 10.5, 11, 13], "texture": "#0"},
				"south": {"uv": [11, 0.5, 11.5, 3], "texture": "#0"},
				"west": {"uv": [11, 5.5, 11.5, 8], "texture": "#0"},
				"up": {"uv": [15, 11, 14.5, 10.5], "texture": "#0"},
				"down": {"uv": [11.5, 14.5, 11, 15], "texture": "#0"}
			}
		},
		{
			"from": [-6.5, 23.03955, 10.99031],
			"to": [-5.6, 28.03955, 11.89031],
			"rotation": {"angle": 45, "axis": "x", "origin": [-6.6, 27.63955, 11.49031]},
			"faces": {
				"north": {"uv": [11, 8, 11.5, 10.5], "texture": "#0"},
				"east": {"uv": [11, 10.5, 11.5, 13], "texture": "#0"},
				"south": {"uv": [11.5, 0.5, 12, 3], "texture": "#0"},
				"west": {"uv": [11.5, 5.5, 12, 8], "texture": "#0"},
				"up": {"uv": [15.5, 0.5, 15, 0], "texture": "#0"},
				"down": {"uv": [15.5, 0.5, 15, 1], "texture": "#0"}
			}
		},
		{
			"from": [-6.5, 27.15419, 11.28424],
			"to": [-5.8, 27.85419, 16.28424],
			"rotation": {"angle": -22.5, "axis": "x", "origin": [-6.05, 27.60419, 11.38424]},
			"faces": {
				"north": {"uv": [15, 1, 15.5, 1.5], "texture": "#0"},
				"east": {"uv": [11, 3, 13.5, 3.5], "texture": "#0"},
				"south": {"uv": [15, 1.5, 15.5, 2], "texture": "#0"},
				"west": {"uv": [11.5, 8, 14, 8.5], "texture": "#0"},
				"up": {"uv": [12, 11, 11.5, 8.5], "texture": "#0"},
				"down": {"uv": [12, 11, 11.5, 13.5], "texture": "#0"}
			}
		},
		{
			"from": [14.6, -1.6, -0.2],
			"to": [15.6, 0.8, 2],
			"rotation": {"angle": 0, "axis": "y", "origin": [16, -1, 0]},
			"faces": {
				"north": {"uv": [14.5, 5.5, 15, 6.5], "texture": "#0"},
				"east": {"uv": [0.5, 13.5, 1.5, 14.5], "texture": "#0"},
				"south": {"uv": [6.5, 14.5, 7, 15.5], "texture": "#0"},
				"west": {"uv": [13.5, 3, 14.5, 4], "texture": "#0"},
				"up": {"uv": [15, 7.5, 14.5, 6.5], "texture": "#0"},
				"down": {"uv": [7.5, 14.5, 7, 15.5], "texture": "#0"}
			}
		},
		{
			"from": [14.9, -1.9, -0.2],
			"to": [15.9, 0.6, 2],
			"rotation": {"angle": -22.5, "axis": "z", "origin": [16, -1, 0]},
			"faces": {
				"north": {"uv": [7.5, 14.5, 8, 15.5], "texture": "#0"},
				"east": {"uv": [13.5, 4, 14.5, 5], "texture": "#0"},
				"south": {"uv": [8, 14.5, 8.5, 15.5], "texture": "#0"},
				"west": {"uv": [13.5, 5, 14.5, 6], "texture": "#0"},
				"up": {"uv": [9, 15.5, 8.5, 14.5], "texture": "#0"},
				"down": {"uv": [15, 8.5, 14.5, 9.5], "texture": "#0"}
			}
		},
		{
			"from": [14.6, 0.6, -0.4],
			"to": [16.6, 6.6, 1.6],
			"rotation": {"angle": 22.5, "axis": "x", "origin": [16, 0, 0]},
			"faces": {
				"north": {"uv": [7, 3, 8, 6], "texture": "#0"},
				"east": {"uv": [4, 7, 5, 10], "texture": "#0"},
				"south": {"uv": [5, 7, 6, 10], "texture": "#0"},
				"west": {"uv": [7, 6, 8, 9], "texture": "#0"},
				"up": {"uv": [14.5, 7, 13.5, 6], "texture": "#0"},
				"down": {"uv": [14.5, 7, 13.5, 8], "texture": "#0"}
			}
		},
		{
			"from": [15.1, 6.4, -2.5],
			"to": [16.6, 12.4, -1],
			"rotation": {"angle": 45, "axis": "x", "origin": [16, 0, 0]},
			"faces": {
				"north": {"uv": [8, 0, 9, 3], "texture": "#0"},
				"east": {"uv": [8, 3, 9, 6], "texture": "#0"},
				"south": {"uv": [8, 6, 9, 9], "texture": "#0"},
				"west": {"uv": [9, 0, 10, 3], "texture": "#0"},
				"up": {"uv": [14.5, 9.5, 13.5, 8.5], "texture": "#0"},
				"down": {"uv": [14.5, 9.5, 13.5, 10.5], "texture": "#0"}
			}
		},
		{
			"from": [15.4, 10.57688, 6.65201],
			"to": [16.3, 11.47688, 12.65201],
			"rotation": {"angle": -22.5, "axis": "x", "origin": [15.85, 12.12688, 9.65201]},
			"faces": {
				"north": {"uv": [15, 2.5, 15.5, 3], "texture": "#0"},
				"east": {"uv": [10, 3.5, 13, 4], "texture": "#0"},
				"south": {"uv": [3, 15, 3.5, 15.5], "texture": "#0"},
				"west": {"uv": [10, 4, 13, 4.5], "texture": "#0"},
				"up": {"uv": [4.5, 13, 4, 10], "texture": "#0"},
				"down": {"uv": [5, 10, 4.5, 13], "texture": "#0"}
			}
		},
		{
			"from": [16.2, 0.64943, -0.03756],
			"to": [17.1, 6.64943, 0.86244],
			"rotation": {"angle": -22.5, "axis": "z", "origin": [15.4, 3.24943, 1.56244]},
			"faces": {
				"north": {"uv": [10, 4.5, 10.5, 7.5], "texture": "#0"},
				"east": {"uv": [5, 10, 5.5, 13], "texture": "#0"},
				"south": {"uv": [5.5, 10, 6, 13], "texture": "#0"},
				"west": {"uv": [10, 7.5, 10.5, 10.5], "texture": "#0"},
				"up": {"uv": [15.5, 3.5, 15, 3], "texture": "#0"},
				"down": {"uv": [4, 15, 3.5, 15.5], "texture": "#0"}
			}
		},
		{
			"from": [17.14466, 5.44753, 2],
			"to": [18.64466, 12.44753, 3.5],
			"rotation": {"angle": -45, "axis": "z", "origin": [16.64466, 8.94753, 2.6]},
			"faces": {
				"north": {"uv": [2, 3.5, 3, 7], "texture": "#0"},
				"east": {"uv": [3, 3.5, 4, 7], "texture": "#0"},
				"south": {"uv": [4, 0, 5, 3.5], "texture": "#0"},
				"west": {"uv": [4, 3.5, 5, 7], "texture": "#0"},
				"up": {"uv": [14.5, 11.5, 13.5, 10.5], "texture": "#0"},
				"down": {"uv": [12, 13.5, 11, 14.5], "texture": "#0"}
			}
		},
		{
			"from": [19.3, 10.23367, 3.24711],
			"to": [20.8, 17.23367, 4.74711],
			"rotation": {"angle": 22.5, "axis": "x", "origin": [20.2, 13.73367, 3.84711]},
			"faces": {
				"north": {"uv": [5, 0, 6, 3.5], "texture": "#0"},
				"east": {"uv": [6.5, 9, 7, 12.5], "texture": "#0"},
				"south": {"uv": [5, 3.5, 6, 7], "texture": "#0"},
				"west": {"uv": [9, 6.5, 9.5, 10], "texture": "#0"},
				"up": {"uv": [15.5, 8, 14.5, 7.5], "texture": "#0"},
				"down": {"uv": [15.5, 9.5, 14.5, 10], "texture": "#0"}
			}
		},
		{
			"from": [22.1, 11.23367, 2.14711],
			"to": [23, 15.23367, 3.04711],
			"rotation": {"angle": -45, "axis": "z", "origin": [20.2, 13.73367, 3.84711]},
			"faces": {
				"north": {"uv": [13.5, 11.5, 14, 13.5], "texture": "#0"},
				"east": {"uv": [12, 13.5, 12.5, 15.5], "texture": "#0"},
				"south": {"uv": [12.5, 13.5, 13, 15.5], "texture": "#0"},
				"west": {"uv": [13, 13.5, 13.5, 15.5], "texture": "#0"},
				"up": {"uv": [15.5, 4, 15, 3.5], "texture": "#0"},
				"down": {"uv": [4.5, 15, 4, 15.5], "texture": "#0"}
			}
		},
		{
			"from": [22.5, 13.23367, 2.04711],
			"to": [23.2, 17.23367, 2.74711],
			"rotation": {"angle": -22.5, "axis": "x", "origin": [20.2, 13.73367, 3.84711]},
			"faces": {
				"north": {"uv": [13.5, 13.5, 14, 15.5], "texture": "#0"},
				"east": {"uv": [14, 0, 14.5, 2], "texture": "#0"},
				"south": {"uv": [1.5, 14, 2, 16], "texture": "#0"},
				"west": {"uv": [2, 14, 2.5, 16], "texture": "#0"},
				"up": {"uv": [15.5, 4.5, 15, 4], "texture": "#0"},
				"down": {"uv": [5, 15, 4.5, 15.5], "texture": "#0"}
			}
		},
		{
			"from": [19.6, 15.1, -12.2],
			"to": [20.8, 20.1, -11],
			"rotation": {"angle": 45, "axis": "x", "origin": [18.3, -4.2, -1.2]},
			"faces": {
				"north": {"uv": [12, 0.5, 12.5, 3], "texture": "#0"},
				"east": {"uv": [12, 5.5, 12.5, 8], "texture": "#0"},
				"south": {"uv": [7, 12, 7.5, 14.5], "texture": "#0"},
				"west": {"uv": [7.5, 12, 8, 14.5], "texture": "#0"},
				"up": {"uv": [15.5, 5, 15, 4.5], "texture": "#0"},
				"down": {"uv": [5.5, 15, 5, 15.5], "texture": "#0"}
			}
		},
		{
			"from": [19.6, 19.6, -11.5],
			"to": [20.5, 23.3, -10.6],
			"rotation": {"angle": 45, "axis": "x", "origin": [18.3, -3.7, -0.5]},
			"faces": {
				"north": {"uv": [10, 14, 10.5, 16], "texture": "#0"},
				"east": {"uv": [10.5, 14, 11, 16], "texture": "#0"},
				"south": {"uv": [14, 11.5, 14.5, 13.5], "texture": "#0"},
				"west": {"uv": [14, 13.5, 14.5, 15.5], "texture": "#0"},
				"up": {"uv": [6, 15.5, 5.5, 15], "texture": "#0"},
				"down": {"uv": [15.5, 5.5, 15, 6], "texture": "#0"}
			}
		},
		{
			"from": [20.3, 22.1912, 10.62125],
			"to": [21, 28.1912, 11.32125],
			"rotation": {"angle": 45, "axis": "z", "origin": [20.05, 21.7912, 10.07125]},
			"faces": {
				"north": {"uv": [9, 10, 9.5, 13], "texture": "#0"},
				"east": {"uv": [0.5, 10.5, 1, 13.5], "texture": "#0"},
				"south": {"uv": [10.5, 0.5, 11, 3.5], "texture": "#0"},
				"west": {"uv": [1, 10.5, 1.5, 13.5], "texture": "#0"},
				"up": {"uv": [6.5, 15.5, 6, 15], "texture": "#0"},
				"down": {"uv": [15.5, 6, 15, 6.5], "texture": "#0"}
			}
		},
		{
			"from": [19, 20.13955, 7.89031],
			"to": [20.2, 25.13955, 9.09031],
			"rotation": {"angle": -22.5, "axis": "z", "origin": [20.3, 18.63955, 6.79031]},
			"faces": {
				"north": {"uv": [8, 12, 8.5, 14.5], "texture": "#0"},
				"east": {"uv": [8.5, 12, 9, 14.5], "texture": "#0"},
				"south": {"uv": [12, 8.5, 12.5, 11], "texture": "#0"},
				"west": {"uv": [9.5, 12, 10, 14.5], "texture": "#0"},
				"up": {"uv": [15.5, 7, 15, 6.5], "texture": "#0"},
				"down": {"uv": [15.5, 7, 15, 7.5], "texture": "#0"}
			}
		},
		{
			"from": [21.6, 23.03955, 10.99031],
			"to": [22.5, 28.03955, 11.89031],
			"rotation": {"angle": 45, "axis": "x", "origin": [22.6, 27.63955, 11.49031]},
			"faces": {
				"north": {"uv": [12, 11, 12.5, 13.5], "texture": "#0"},
				"east": {"uv": [12.5, 0.5, 13, 3], "texture": "#0"},
				"south": {"uv": [12.5, 5.5, 13, 8], "texture": "#0"},
				"west": {"uv": [6, 12.5, 6.5, 15], "texture": "#0"},
				"up": {"uv": [15.5, 8.5, 15, 8], "texture": "#0"},
				"down": {"uv": [15.5, 8.5, 15, 9], "texture": "#0"}
			}
		},
		{
			"from": [21.8, 27.15419, 11.28424],
			"to": [22.5, 27.85419, 16.28424],
			"rotation": {"angle": -22.5, "axis": "x", "origin": [22.05, 27.60419, 11.38424]},
			"faces": {
				"north": {"uv": [13, 7.5, 13.5, 8], "texture": "#0"},
				"east": {"uv": [10.5, 4.5, 13, 5], "texture": "#0"},
				"south": {"uv": [11, 13, 11.5, 13.5], "texture": "#0"},
				"west": {"uv": [10.5, 5, 13, 5.5], "texture": "#0"},
				"up": {"uv": [2, 13, 1.5, 10.5], "texture": "#0"},
				"down": {"uv": [2.5, 10.5, 2, 13], "texture": "#0"}
			}
		}
	],
	"display": {
		"thirdperson_righthand": {
			"scale": [0.41602, 0.41602, 0.41602]
		},
		"thirdperson_lefthand": {
			"scale": [0.41602, 0.41602, 0.41602]
		},
		"firstperson_righthand": {
			"scale": [0.37695, 0.37695, 0.37695]
		},
		"firstperson_lefthand": {
			"scale": [0.37695, 0.37695, 0.37695]
		},
		"ground": {
			"translation": [0, 1, 0],
			"scale": [0.38281, 0.38281, 0.38281]
		},
		"gui": {
			"rotation": [30, 141, 0],
			"translation": [0, -2, 0],
			"scale": [0.37305, 0.37305, 0.37305]
		},
		"head": {
			"rotation": [31, 0, 0],
			"translation": [0, 5.5, 6.25],
			"scale": [0.94336, 0.94336, 0.94336]
		},
		"fixed": {
			"rotation": [-54, 0, 0],
			"translation": [0, 0, -4]
		}
	},
	"groups": [
		{
			"name": "Right",
			"origin": [8, 8, 8],
			"color": 0,
			"children": [0, 1, 2, 3, 4, 5, 6, 7, 8, 9, 10, 11, 12, 13, 14, 15]
		},
		{
			"name": "Left",
			"origin": [8, 8, 8],
			"color": 0,
			"children": [16, 17, 18, 19, 20, 21, 22, 23, 24, 25, 26, 27, 28, 29, 30, 31]
		}
	]
}