{
	"credit": "Made with Blockbench",
	"texture_size": [32, 32],
	"textures": {
		"0": "hat_textures/antlers_texture",
		"1": "hat_textures/antlers_vine_texture",
		"2": "hat_textures/antlers_flowers_texture",
		"3": "hat_textures/antlers_flowers_2_texture",
		"particle": "hat_textures/antlers_texture"
	},
	"elements": [
		{
			"from": [0.4, -1.6, -0.2],
			"to": [1.4, 0.8, 2],
			"rotation": {"angle": 0, "axis": "y", "origin": [0, -1, 0]},
			"faces": {
				"north": {"uv": [14, 2, 14.5, 3], "texture": "#0"},
				"east": {"uv": [12.5, 8.5, 13.5, 9.5], "texture": "#0"},
				"south": {"uv": [14.5, 0, 15, 1], "texture": "#0"},
				"west": {"uv": [12.5, 9.5, 13.5, 10.5], "texture": "#0"},
				"up": {"uv": [1, 15.5, 0.5, 14.5], "texture": "#0"},
				"down": {"uv": [1.5, 14.5, 1, 15.5], "texture": "#0"}
			}
		},
		{
			"from": [0.1, -1.9, -0.2],
			"to": [1.1, 0.6, 2],
			"rotation": {"angle": 22.5, "axis": "z", "origin": [0, -1, 0]},
			"faces": {
				"north": {"uv": [14.5, 1, 15, 2], "texture": "#0"},
				"east": {"uv": [12.5, 10.5, 13.5, 11.5], "texture": "#0"},
				"south": {"uv": [14.5, 2, 15, 3], "texture": "#0"},
				"west": {"uv": [12.5, 11.5, 13.5, 12.5], "texture": "#0"},
				"up": {"uv": [15, 4, 14.5, 3], "texture": "#0"},
				"down": {"uv": [15, 4, 14.5, 5], "texture": "#0"}
			}
		},
		{
			"from": [-0.6, 0.6, -0.4],
			"to": [1.4, 6.6, 1.6],
			"rotation": {"angle": 22.5, "axis": "x", "origin": [0, 0, 0]},
			"faces": {
				"north": {"uv": [6, 0, 7, 3], "texture": "#0"},
				"east": {"uv": [6, 3, 7, 6], "texture": "#0"},
				"south": {"uv": [6, 6, 7, 9], "texture": "#0"},
				"west": {"uv": [0, 7, 1, 10], "texture": "#0"},
				"up": {"uv": [13.5, 13.5, 12.5, 12.5], "texture": "#0"},
				"down": {"uv": [14, 0, 13, 1], "texture": "#0"}
			}
		},
		{
			"from": [-0.6, 6.4, -2.5],
			"to": [0.9, 12.4, -1],
			"rotation": {"angle": 45, "axis": "x", "origin": [0, 0, 0]},
			"faces": {
				"north": {"uv": [7, 0, 8, 3], "texture": "#0"},
				"east": {"uv": [1, 7, 2, 10], "texture": "#0"},
				"south": {"uv": [2, 7, 3, 10], "texture": "#0"},
				"west": {"uv": [3, 7, 4, 10], "texture": "#0"},
				"up": {"uv": [14, 3, 13, 2], "texture": "#0"},
				"down": {"uv": [11, 13, 10, 14], "texture": "#0"}
			}
		},
		{
			"from": [-0.3, 10.57688, 6.65201],
			"to": [0.6, 11.47688, 12.65201],
			"rotation": {"angle": -22.5, "axis": "x", "origin": [0.15, 12.12688, 9.65201]},
			"faces": {
				"north": {"uv": [15, 2, 15.5, 2.5], "texture": "#0"},
				"east": {"uv": [10, 0, 13, 0.5], "texture": "#0"},
				"south": {"uv": [2.5, 15, 3, 15.5], "texture": "#0"},
				"west": {"uv": [0.5, 10, 3.5, 10.5], "texture": "#0"},
				"up": {"uv": [10.5, 3.5, 10, 0.5], "texture": "#0"},
				"down": {"uv": [4, 10, 3.5, 13], "texture": "#0"}
			}
		},
		{
			"from": [-1.1, 0.64943, -0.03756],
			"to": [-0.2, 6.64943, 0.86244],
			"rotation": {"angle": 22.5, "axis": "z", "origin": [0.6, 3.24943, 1.56244]},
			"faces": {
				"north": {"uv": [7, 9, 7.5, 12], "texture": "#0"},
				"east": {"uv": [7.5, 9, 8, 12], "texture": "#0"},
				"south": {"uv": [8, 9, 8.5, 12], "texture": "#0"},
				"west": {"uv": [8.5, 9, 9, 12], "texture": "#0"},
				"up": {"uv": [15, 11.5, 14.5, 11], "texture": "#0"},
				"down": {"uv": [12, 14.5, 11.5, 15], "texture": "#0"}
			}
		},
		{
			"from": [-2.64466, 5.44753, 2],
			"to": [-1.14466, 12.44753, 3.5],
			"rotation": {"angle": 45, "axis": "z", "origin": [-0.64466, 8.94753, 2.6]},
			"faces": {
				"north": {"uv": [0, 0, 1, 3.5], "texture": "#0"},
				"east": {"uv": [1, 0, 2, 3.5], "texture": "#0"},
				"south": {"uv": [2, 0, 3, 3.5], "texture": "#0"},
				"west": {"uv": [3, 0, 4, 3.5], "texture": "#0"},
				"up": {"uv": [14, 2, 13, 1], "texture": "#0"},
				"down": {"uv": [2.5, 13, 1.5, 14], "texture": "#0"}
			}
		},
		{
			"from": [-4.8, 10.23367, 3.24711],
			"to": [-3.3, 17.23367, 4.74711],
			"rotation": {"angle": 22.5, "axis": "x", "origin": [-4.2, 13.73367, 3.84711]},
			"faces": {
				"north": {"uv": [0, 3.5, 1, 7], "texture": "#0"},
				"east": {"uv": [9, 3, 9.5, 6.5], "texture": "#0"},
				"south": {"uv": [1, 3.5, 2, 7], "texture": "#0"},
				"west": {"uv": [6, 9, 6.5, 12.5], "texture": "#0"},
				"up": {"uv": [15, 8.5, 14, 8], "texture": "#0"},
				"down": {"uv": [15.5, 5, 14.5, 5.5], "texture": "#0"}
			}
		},
		{
			"from": [-7, 11.23367, 2.14711],
			"to": [-6.1, 15.23367, 3.04711],
			"rotation": {"angle": 45, "axis": "z", "origin": [-4.2, 13.73367, 3.84711]},
			"faces": {
				"north": {"uv": [6.5, 12.5, 7, 14.5], "texture": "#0"},
				"east": {"uv": [0, 13, 0.5, 15], "texture": "#0"},
				"south": {"uv": [2.5, 13, 3, 15], "texture": "#0"},
				"west": {"uv": [3, 13, 3.5, 15], "texture": "#0"},
				"up": {"uv": [15, 12, 14.5, 11.5], "texture": "#0"},
				"down": {"uv": [15, 12, 14.5, 12.5], "texture": "#0"}
			}
		},
		{
			"from": [-7.2, 13.23367, 2.04711],
			"to": [-6.5, 17.23367, 2.74711],
			"rotation": {"angle": -22.5, "axis": "x", "origin": [-4.2, 13.73367, 3.84711]},
			"faces": {
				"north": {"uv": [3.5, 13, 4, 15], "texture": "#0"},
				"east": {"uv": [13, 3.5, 13.5, 5.5], "texture": "#0"},
				"south": {"uv": [4, 13, 4.5, 15], "texture": "#0"},
				"west": {"uv": [4.5, 13, 5, 15], "texture": "#0"},
				"up": {"uv": [15, 13, 14.5, 12.5], "texture": "#0"},
				"down": {"uv": [15, 13, 14.5, 13.5], "texture": "#0"}
			}
		},
		{
			"from": [-4.8, 15.1, -12.2],
			"to": [-3.6, 20.1, -11],
			"rotation": {"angle": 45, "axis": "x", "origin": [-2.3, -4.2, -1.2]},
			"faces": {
				"north": {"uv": [2.5, 10.5, 3, 13], "texture": "#0"},
				"east": {"uv": [3, 10.5, 3.5, 13], "texture": "#0"},
				"south": {"uv": [10.5, 5.5, 11, 8], "texture": "#0"},
				"west": {"uv": [10.5, 8, 11, 10.5], "texture": "#0"},
				"up": {"uv": [10, 15, 9.5, 14.5], "texture": "#0"},
				"down": {"uv": [15, 10, 14.5, 10.5], "texture": "#0"}
			}
		},
		{
			"from": [-4.5, 19.6, -11.5],
			"to": [-3.6, 23.3, -10.6],
			"rotation": {"angle": 45, "axis": "x", "origin": [-2.3, -3.7, -0.5]},
			"faces": {
				"north": {"uv": [5, 13, 5.5, 15], "texture": "#0"},
				"east": {"uv": [5.5, 13, 6, 15], "texture": "#0"},
				"south": {"uv": [13, 5.5, 13.5, 7.5], "texture": "#0"},
				"west": {"uv": [9, 13, 9.5, 15], "texture": "#0"},
				"up": {"uv": [15, 14, 14.5, 13.5], "texture": "#0"},
				"down": {"uv": [15, 14, 14.5, 14.5], "texture": "#0"}
			}
		},
		{
			"from": [-5, 22.1912, 10.62125],
			"to": [-4.3, 28.1912, 11.32125],
			"rotation": {"angle": -45, "axis": "z", "origin": [-4.05, 21.7912, 10.07125]},
			"faces": {
				"north": {"uv": [9.5, 3, 10, 6], "texture": "#0"},
				"east": {"uv": [9.5, 6, 10, 9], "texture": "#0"},
				"south": {"uv": [9.5, 9, 10, 12], "texture": "#0"},
				"west": {"uv": [0, 10, 0.5, 13], "texture": "#0"},
				"up": {"uv": [15, 15, 14.5, 14.5], "texture": "#0"},
				"down": {"uv": [0.5, 15, 0, 15.5], "texture": "#0"}
			}
		},
		{
			"from": [-4.2, 20.13955, 7.89031],
			"to": [-3, 25.13955, 9.09031],
			"rotation": {"angle": 22.5, "axis": "z", "origin": [-4.3, 18.63955, 6.79031]},
			"faces": {
				"north": {"uv": [10, 10.5, 10.5, 13], "texture": "#0"},
				"east": {"uv": [10.5, 10.5, 11, 13], "texture": "#0"},
				"south": {"uv": [11, 0.5, 11.5, 3], "texture": "#0"},
				"west": {"uv": [11, 5.5, 11.5, 8], "texture": "#0"},
				"up": {"uv": [15, 11, 14.5, 10.5], "texture": "#0"},
				"down": {"uv": [11.5, 14.5, 11, 15], "texture": "#0"}
			}
		},
		{
			"from": [-6.5, 23.03955, 10.99031],
			"to": [-5.6, 28.03955, 11.89031],
			"rotation": {"angle": 45, "axis": "x", "origin": [-6.6, 27.63955, 11.49031]},
			"faces": {
				"north": {"uv": [11, 8, 11.5, 10.5], "texture": "#0"},
				"east": {"uv": [11, 10.5, 11.5, 13], "texture": "#0"},
				"south": {"uv": [11.5, 0.5, 12, 3], "texture": "#0"},
				"west": {"uv": [11.5, 5.5, 12, 8], "texture": "#0"},
				"up": {"uv": [15.5, 0.5, 15, 0], "texture": "#0"},
				"down": {"uv": [15.5, 0.5, 15, 1], "texture": "#0"}
			}
		},
		{
			"from": [-6.5, 27.15419, 11.28424],
			"to": [-5.8, 27.85419, 16.28424],
			"rotation": {"angle": -22.5, "axis": "x", "origin": [-6.05, 27.60419, 11.38424]},
			"faces": {
				"north": {"uv": [15, 1, 15.5, 1.5], "texture": "#0"},
				"east": {"uv": [11, 3, 13.5, 3.5], "texture": "#0"},
				"south": {"uv": [15, 1.5, 15.5, 2], "texture": "#0"},
				"west": {"uv": [11.5, 8, 14, 8.5], "texture": "#0"},
				"up": {"uv": [12, 11, 11.5, 8.5], "texture": "#0"},
				"down": {"uv": [12, 11, 11.5, 13.5], "texture": "#0"}
			}
		},
		{
			"from": [14.6, -1.6, -0.2],
			"to": [15.6, 0.8, 2],
			"rotation": {"angle": 0, "axis": "y", "origin": [16, -1, 0]},
			"faces": {
				"north": {"uv": [14.5, 5.5, 15, 6.5], "texture": "#0"},
				"east": {"uv": [0.5, 13.5, 1.5, 14.5], "texture": "#0"},
				"south": {"uv": [6.5, 14.5, 7, 15.5], "texture": "#0"},
				"west": {"uv": [13.5, 3, 14.5, 4], "texture": "#0"},
				"up": {"uv": [15, 7.5, 14.5, 6.5], "texture": "#0"},
				"down": {"uv": [7.5, 14.5, 7, 15.5], "texture": "#0"}
			}
		},
		{
			"from": [14.9, -1.9, -0.2],
			"to": [15.9, 0.6, 2],
			"rotation": {"angle": -22.5, "axis": "z", "origin": [16, -1, 0]},
			"faces": {
				"north": {"uv": [7.5, 14.5, 8, 15.5], "texture": "#0"},
				"east": {"uv": [13.5, 4, 14.5, 5], "texture": "#0"},
				"south": {"uv": [8, 14.5, 8.5, 15.5], "texture": "#0"},
				"west": {"uv": [13.5, 5, 14.5, 6], "texture": "#0"},
				"up": {"uv": [9, 15.5, 8.5, 14.5], "texture": "#0"},
				"down": {"uv": [15, 8.5, 14.5, 9.5], "texture": "#0"}
			}
		},
		{
			"from": [14.6, 0.6, -0.4],
			"to": [16.6, 6.6, 1.6],
			"rotation": {"angle": 22.5, "axis": "x", "origin": [16, 0, 0]},
			"faces": {
				"north": {"uv": [7, 3, 8, 6], "texture": "#0"},
				"east": {"uv": [4, 7, 5, 10], "texture": "#0"},
				"south": {"uv": [5, 7, 6, 10], "texture": "#0"},
				"west": {"uv": [7, 6, 8, 9], "texture": "#0"},
				"up": {"uv": [14.5, 7, 13.5, 6], "texture": "#0"},
				"down": {"uv": [14.5, 7, 13.5, 8], "texture": "#0"}
			}
		},
		{
			"from": [15.1, 6.4, -2.5],
			"to": [16.6, 12.4, -1],
			"rotation": {"angle": 45, "axis": "x", "origin": [16, 0, 0]},
			"faces": {
				"north": {"uv": [8, 0, 9, 3], "texture": "#0"},
				"east": {"uv": [8, 3, 9, 6], "texture": "#0"},
				"south": {"uv": [8, 6, 9, 9], "texture": "#0"},
				"west": {"uv": [9, 0, 10, 3], "texture": "#0"},
				"up": {"uv": [14.5, 9.5, 13.5, 8.5], "texture": "#0"},
				"down": {"uv": [14.5, 9.5, 13.5, 10.5], "texture": "#0"}
			}
		},
		{
			"from": [15.4, 10.57688, 6.65201],
			"to": [16.3, 11.47688, 12.65201],
			"rotation": {"angle": -22.5, "axis": "x", "origin": [15.85, 12.12688, 9.65201]},
			"faces": {
				"north": {"uv": [15, 2.5, 15.5, 3], "texture": "#0"},
				"east": {"uv": [10, 3.5, 13, 4], "texture": "#0"},
				"south": {"uv": [3, 15, 3.5, 15.5], "texture": "#0"},
				"west": {"uv": [10, 4, 13, 4.5], "texture": "#0"},
				"up": {"uv": [4.5, 13, 4, 10], "texture": "#0"},
				"down": {"uv": [5, 10, 4.5, 13], "texture": "#0"}
			}
		},
		{
			"from": [16.2, 0.64943, -0.03756],
			"to": [17.1, 6.64943, 0.86244],
			"rotation": {"angle": -22.5, "axis": "z", "origin": [15.4, 3.24943, 1.56244]},
			"faces": {
				"north": {"uv": [10, 4.5, 10.5, 7.5], "texture": "#0"},
				"east": {"uv": [5, 10, 5.5, 13], "texture": "#0"},
				"south": {"uv": [5.5, 10, 6, 13], "texture": "#0"},
				"west": {"uv": [10, 7.5, 10.5, 10.5], "texture": "#0"},
				"up": {"uv": [15.5, 3.5, 15, 3], "texture": "#0"},
				"down": {"uv": [4, 15, 3.5, 15.5], "texture": "#0"}
			}
		},
		{
			"from": [17.14466, 5.44753, 2],
			"to": [18.64466, 12.44753, 3.5],
			"rotation": {"angle": -45, "axis": "z", "origin": [16.64466, 8.94753, 2.6]},
			"faces": {
				"north": {"uv": [2, 3.5, 3, 7], "texture": "#0"},
				"east": {"uv": [3, 3.5, 4, 7], "texture": "#0"},
				"south": {"uv": [4, 0, 5, 3.5], "texture": "#0"},
				"west": {"uv": [4, 3.5, 5, 7], "texture": "#0"},
				"up": {"uv": [14.5, 11.5, 13.5, 10.5], "texture": "#0"},
				"down": {"uv": [12, 13.5, 11, 14.5], "texture": "#0"}
			}
		},
		{
			"from": [19.3, 10.23367, 3.24711],
			"to": [20.8, 17.23367, 4.74711],
			"rotation": {"angle": 22.5, "axis": "x", "origin": [20.2, 13.73367, 3.84711]},
			"faces": {
				"north": {"uv": [5, 0, 6, 3.5], "texture": "#0"},
				"east": {"uv": [6.5, 9, 7, 12.5], "texture": "#0"},
				"south": {"uv": [5, 3.5, 6, 7], "texture": "#0"},
				"west": {"uv": [9, 6.5, 9.5, 10], "texture": "#0"},
				"up": {"uv": [15.5, 8, 14.5, 7.5], "texture": "#0"},
				"down": {"uv": [15.5, 9.5, 14.5, 10], "texture": "#0"}
			}
		},
		{
			"from": [22.1, 11.23367, 2.14711],
			"to": [23, 15.23367, 3.04711],
			"rotation": {"angle": -45, "axis": "z", "origin": [20.2, 13.73367, 3.84711]},
			"faces": {
				"north": {"uv": [13.5, 11.5, 14, 13.5], "texture": "#0"},
				"east": {"uv": [12, 13.5, 12.5, 15.5], "texture": "#0"},
				"south": {"uv": [12.5, 13.5, 13, 15.5], "texture": "#0"},
				"west": {"uv": [13, 13.5, 13.5, 15.5], "texture": "#0"},
				"up": {"uv": [15.5, 4, 15, 3.5], "texture": "#0"},
				"down": {"uv": [4.5, 15, 4, 15.5], "texture": "#0"}
			}
		},
		{
			"from": [22.5, 13.23367, 2.04711],
			"to": [23.2, 17.23367, 2.74711],
			"rotation": {"angle": -22.5, "axis": "x", "origin": [20.2, 13.73367, 3.84711]},
			"faces": {
				"north": {"uv": [13.5, 13.5, 14, 15.5], "texture": "#0"},
				"east": {"uv": [14, 0, 14.5, 2], "texture": "#0"},
				"south": {"uv": [1.5, 14, 2, 16], "texture": "#0"},
				"west": {"uv": [2, 14, 2.5, 16], "texture": "#0"},
				"up": {"uv": [15.5, 4.5, 15, 4], "texture": "#0"},
				"down": {"uv": [5, 15, 4.5, 15.5], "texture": "#0"}
			}
		},
		{
			"from": [19.6, 15.1, -12.2],
			"to": [20.8, 20.1, -11],
			"rotation": {"angle": 45, "axis": "x", "origin": [18.3, -4.2, -1.2]},
			"faces": {
				"north": {"uv": [12, 0.5, 12.5, 3], "texture": "#0"},
				"east": {"uv": [12, 5.5, 12.5, 8], "texture": "#0"},
				"south": {"uv": [7, 12, 7.5, 14.5], "texture": "#0"},
				"west": {"uv": [7.5, 12, 8, 14.5], "texture": "#0"},
				"up": {"uv": [15.5, 5, 15, 4.5], "texture": "#0"},
				"down": {"uv": [5.5, 15, 5, 15.5], "texture": "#0"}
			}
		},
		{
			"from": [19.6, 19.6, -11.5],
			"to": [20.5, 23.3, -10.6],
			"rotation": {"angle": 45, "axis": "x", "origin": [18.3, -3.7, -0.5]},
			"faces": {
				"north": {"uv": [10, 14, 10.5, 16], "texture": "#0"},
				"east": {"uv": [10.5, 14, 11, 16], "texture": "#0"},
				"south": {"uv": [14, 11.5, 14.5, 13.5], "texture": "#0"},
				"west": {"uv": [14, 13.5, 14.5, 15.5], "texture": "#0"},
				"up": {"uv": [6, 15.5, 5.5, 15], "texture": "#0"},
				"down": {"uv": [15.5, 5.5, 15, 6], "texture": "#0"}
			}
		},
		{
			"from": [20.3, 22.1912, 10.62125],
			"to": [21, 28.1912, 11.32125],
			"rotation": {"angle": 45, "axis": "z", "origin": [20.05, 21.7912, 10.07125]},
			"faces": {
				"north": {"uv": [9, 10, 9.5, 13], "texture": "#0"},
				"east": {"uv": [0.5, 10.5, 1, 13.5], "texture": "#0"},
				"south": {"uv": [10.5, 0.5, 11, 3.5], "texture": "#0"},
				"west": {"uv": [1, 10.5, 1.5, 13.5], "texture": "#0"},
				"up": {"uv": [6.5, 15.5, 6, 15], "texture": "#0"},
				"down": {"uv": [15.5, 6, 15, 6.5], "texture": "#0"}
			}
		},
		{
			"from": [19, 23.33955, 7.89031],
			"to": [20.2, 25.13955, 9.09031],
			"rotation": {"angle": -22.5, "axis": "z", "origin": [20.3, 18.63955, 6.79031]},
			"faces": {
				"north": {"uv": [8, 12, 8.5, 14.5], "texture": "#0"},
				"east": {"uv": [8.5, 12, 9, 14.5], "texture": "#0"},
				"south": {"uv": [12, 8.5, 12.5, 11], "texture": "#0"},
				"west": {"uv": [9.5, 12, 10, 14.5], "texture": "#0"},
				"up": {"uv": [15.5, 7, 15, 6.5], "texture": "#0"},
				"down": {"uv": [15.5, 7, 15, 7.5], "texture": "#0"}
			}
		},
		{
			"from": [19, 20.13955, 7.89031],
			"to": [20.2, 22.53955, 9.09031],
			"rotation": {"angle": -22.5, "axis": "z", "origin": [20.3, 18.63955, 6.79031]},
			"faces": {
				"north": {"uv": [8, 12, 8.5, 14.5], "texture": "#0"},
				"east": {"uv": [8.5, 12, 9, 14.5], "texture": "#0"},
				"south": {"uv": [12, 8.5, 12.5, 11], "texture": "#0"},
				"west": {"uv": [9.5, 12, 10, 14.5], "texture": "#0"},
				"up": {"uv": [15.5, 7, 15, 6.5], "texture": "#0"},
				"down": {"uv": [15.5, 7, 15, 7.5], "texture": "#0"}
			}
		},
		{
			"from": [21.6, 23.03955, 10.99031],
			"to": [22.5, 28.03955, 11.89031],
			"rotation": {"angle": 45, "axis": "x", "origin": [22.6, 27.63955, 11.49031]},
			"faces": {
				"north": {"uv": [12, 11, 12.5, 13.5], "texture": "#0"},
				"east": {"uv": [12.5, 0.5, 13, 3], "texture": "#0"},
				"south": {"uv": [12.5, 5.5, 13, 8], "texture": "#0"},
				"west": {"uv": [6, 12.5, 6.5, 15], "texture": "#0"},
				"up": {"uv": [15.5, 8.5, 15, 8], "texture": "#0"},
				"down": {"uv": [15.5, 8.5, 15, 9], "texture": "#0"}
			}
		},
		{
			"from": [21.8, 27.15419, 11.28424],
			"to": [22.5, 27.85419, 16.28424],
			"rotation": {"angle": -22.5, "axis": "x", "origin": [22.05, 27.60419, 11.38424]},
			"faces": {
				"north": {"uv": [13, 7.5, 13.5, 8], "texture": "#0"},
				"east": {"uv": [10.5, 4.5, 13, 5], "texture": "#0"},
				"south": {"uv": [11, 13, 11.5, 13.5], "texture": "#0"},
				"west": {"uv": [10.5, 5, 13, 5.5], "texture": "#0"},
				"up": {"uv": [2, 13, 1.5, 10.5], "texture": "#0"},
				"down": {"uv": [2.5, 10.5, 2, 13], "texture": "#0"}
			}
		},
		{
			"from": [-0.7, 0, 1.5],
			"to": [-0.1, 1, 1.8],
			"rotation": {"angle": 22.5, "axis": "y", "origin": [-0.4, 0.5, 2.4]},
			"faces": {
				"north": {"uv": [7, 2, 8, 3], "texture": "#2"},
				"east": {"uv": [7, 3, 8, 4], "texture": "#2"},
				"south": {"uv": [4, 7, 5, 8], "texture": "#2"},
				"west": {"uv": [5, 7, 6, 8], "texture": "#2"},
				"up": {"uv": [8, 6, 7, 5], "texture": "#2"},
				"down": {"uv": [7, 7, 6, 8], "texture": "#2"}
			}
		},
		{
			"from": [-0.7, -0.3, 1.8],
			"to": [-0.1, 1.3, 3.3],
			"rotation": {"angle": 22.5, "axis": "y", "origin": [-0.4, 0.5, 2.4]},
			"faces": {
				"north": {"uv": [2, 4, 3, 6], "texture": "#2"},
				"east": {"uv": [0, 0, 2, 2], "texture": "#2"},
				"south": {"uv": [4, 2, 5, 4], "texture": "#2"},
				"west": {"uv": [0, 2, 2, 4], "texture": "#2"},
				"up": {"uv": [4, 6, 3, 4], "texture": "#2"},
				"down": {"uv": [5, 4, 4, 6], "texture": "#2"}
			}
		},
		{
			"from": [-0.3, 2.3, 3.1],
			"to": [0.3, 2.7, 4.1],
			"rotation": {"angle": 22.5, "axis": "z", "origin": [-0.4, 0.5, 2.5]},
			"faces": {
				"north": {"uv": [7, 6, 8, 7], "texture": "#2"},
				"east": {"uv": [7, 7, 8, 8], "texture": "#2"},
				"south": {"uv": [0, 8, 1, 9], "texture": "#2"},
				"west": {"uv": [8, 0, 9, 1], "texture": "#2"},
				"up": {"uv": [2, 9, 1, 8], "texture": "#2"},
				"down": {"uv": [9, 1, 8, 2], "texture": "#2"}
			}
		},
		{
			"from": [-0.3, 0.5, 2.8],
			"to": [0.3, 2.3, 4.4],
			"rotation": {"angle": 22.5, "axis": "z", "origin": [-0.4, 0.5, 2.5]},
			"faces": {
				"north": {"uv": [5, 2, 6, 4], "texture": "#2"},
				"east": {"uv": [2, 0, 4, 2], "texture": "#2"},
				"south": {"uv": [5, 4, 6, 6], "texture": "#2"},
				"west": {"uv": [2, 2, 4, 4], "texture": "#2"},
				"up": {"uv": [1, 8, 0, 6], "texture": "#2"},
				"down": {"uv": [7, 0, 6, 2], "texture": "#2"}
			}
		},
		{
			"from": [-0.27905, 0, 5.41627],
			"to": [0.32095, 1, 5.71627],
			"rotation": {"angle": -22.5, "axis": "y", "origin": [-0.4, 0.5, 3.5]},
			"faces": {
				"north": {"uv": [2, 8, 3, 9], "texture": "#2"},
				"east": {"uv": [8, 2, 9, 3], "texture": "#2"},
				"south": {"uv": [3, 8, 4, 9], "texture": "#2"},
				"west": {"uv": [8, 3, 9, 4], "texture": "#2"},
				"up": {"uv": [5, 9, 4, 8], "texture": "#2"},
				"down": {"uv": [9, 4, 8, 5], "texture": "#2"}
			}
		},
		{
			"from": [-0.27905, -0.3, 3.91627],
			"to": [0.32095, 1.3, 5.41627],
			"rotation": {"angle": -22.5, "axis": "y", "origin": [-0.4, 0.5, 3.5]},
			"faces": {
				"north": {"uv": [1, 6, 2, 8], "texture": "#2"},
				"east": {"uv": [0, 4, 2, 6], "texture": "#2"},
				"south": {"uv": [2, 6, 3, 8], "texture": "#2"},
				"west": {"uv": [4, 0, 6, 2], "texture": "#2"},
				"up": {"uv": [7, 4, 6, 2], "texture": "#2"},
				"down": {"uv": [4, 6, 3, 8], "texture": "#2"}
			}
		},
		{
			"from": [-0.7, -1.7, 3.1],
			"to": [-0.1, -1.3, 4.1],
			"rotation": {"angle": -22.5, "axis": "z", "origin": [-0.4, -0.9, 3.6]},
			"faces": {
				"north": {"uv": [5, 8, 6, 9], "texture": "#2"},
				"east": {"uv": [8, 5, 9, 6], "texture": "#2"},
				"south": {"uv": [6, 8, 7, 9], "texture": "#2"},
				"west": {"uv": [8, 6, 9, 7], "texture": "#2"},
				"up": {"uv": [8, 9, 7, 8], "texture": "#2"},
				"down": {"uv": [9, 7, 8, 8], "texture": "#2"}
			}
		},
		{
			"from": [-0.7, -1.3, 2.8],
			"to": [-0.1, 0.1, 4.4],
			"rotation": {"angle": -22.5, "axis": "z", "origin": [-0.4, -0.9, 3.6]},
			"faces": {
				"north": {"uv": [8, 8, 9, 9], "texture": "#2"},
				"east": {"uv": [4, 6, 6, 7], "texture": "#2"},
				"south": {"uv": [0, 9, 1, 10], "texture": "#2"},
				"west": {"uv": [6, 4, 8, 5], "texture": "#2"},
				"up": {"uv": [7, 7, 6, 5], "texture": "#2"},
				"down": {"uv": [8, 0, 7, 2], "texture": "#2"}
			}
		},
		{
			"from": [-0.7, 0, 3.1],
			"to": [0.3, 1, 4.1],
			"rotation": {"angle": 0, "axis": "y", "origin": [-0.7, 0, -0.7]},
			"faces": {
				"north": {"uv": [9, 0, 10, 1], "texture": "#2"},
				"east": {"uv": [1, 9, 2, 10], "texture": "#2"},
				"south": {"uv": [9, 1, 10, 2], "texture": "#2"},
				"west": {"uv": [2, 9, 3, 10], "texture": "#2"},
				"up": {"uv": [10, 3, 9, 2], "texture": "#2"},
				"down": {"uv": [4, 9, 3, 10], "texture": "#2"}
			}
		},
		{
			"from": [21.82889, 28.21301, 14.49502],
			"to": [22.02889, 28.41301, 15.69502],
			"rotation": {"angle": -22.5, "axis": "x", "origin": [22.52889, 27.81301, 15.64502]},
			"faces": {
				"north": {"uv": [6, 9, 6.25, 9.25], "texture": "#1"},
				"east": {"uv": [9, 2, 9.5, 2.25], "texture": "#1"},
				"south": {"uv": [9, 6, 9.25, 6.25], "texture": "#1"},
				"west": {"uv": [2.5, 9, 3, 9.25], "texture": "#1"},
				"up": {"uv": [9.25, 3, 9, 2.5], "texture": "#1"},
				"down": {"uv": [3.25, 9, 3, 9.5], "texture": "#1"}
			}
		},
		{
			"from": [14.34329, -2.1097, 0.9],
			"to": [14.74329, 0.8903, 1.3],
			"rotation": {"angle": -45, "axis": "x", "origin": [14.04329, -0.3097, 0.1]},
			"faces": {
				"north": {"uv": [2.5, 4, 2.75, 5.5], "texture": "#1"},
				"east": {"uv": [3, 4, 3.25, 5.5], "texture": "#1"},
				"south": {"uv": [3.5, 4, 3.75, 5.5], "texture": "#1"},
				"west": {"uv": [4, 4, 4.25, 5.5], "texture": "#1"},
				"up": {"uv": [9.25, 6.75, 9, 6.5], "texture": "#1"},
				"down": {"uv": [9.25, 7, 9, 7.25], "texture": "#1"}
			}
		},
		{
			"from": [14.8, 1, -0.1],
			"to": [15.2, 4.5, 0.3],
			"rotation": {"angle": -22.5, "axis": "z", "origin": [15, 2, -0.8]},
			"faces": {
				"north": {"uv": [2, 2, 2.25, 3.75], "texture": "#1"},
				"east": {"uv": [0, 2.5, 0.25, 4.25], "texture": "#1"},
				"south": {"uv": [0.5, 2.5, 0.75, 4.25], "texture": "#1"},
				"west": {"uv": [1, 2.5, 1.25, 4.25], "texture": "#1"},
				"up": {"uv": [7.75, 9.25, 7.5, 9], "texture": "#1"},
				"down": {"uv": [9.25, 7.5, 9, 7.75], "texture": "#1"}
			}
		},
		{
			"from": [13.8, 4.3, -0.1],
			"to": [14.2, 5.7, 0.3],
			"rotation": {"angle": -45, "axis": "z", "origin": [15, 2, -0.8]},
			"faces": {
				"north": {"uv": [8, 2, 8.25, 2.75], "texture": "#1"},
				"east": {"uv": [8, 3, 8.25, 3.75], "texture": "#1"},
				"south": {"uv": [8, 4, 8.25, 4.75], "texture": "#1"},
				"west": {"uv": [5, 8, 5.25, 8.75], "texture": "#1"},
				"up": {"uv": [8.75, 9.25, 8.5, 9], "texture": "#1"},
				"down": {"uv": [9.25, 9, 9, 9.25], "texture": "#1"}
			}
		},
		{
			"from": [16.7, 4.5, 1.1],
			"to": [17.1, 4.9, 3.2],
			"rotation": {"angle": -22.5, "axis": "x", "origin": [15, 2, -0.8]},
			"faces": {
				"north": {"uv": [0, 9.5, 0.25, 9.75], "texture": "#1"},
				"east": {"uv": [6, 0, 7, 0.25], "texture": "#1"},
				"south": {"uv": [0.5, 9.5, 0.75, 9.75], "texture": "#1"},
				"west": {"uv": [6, 0.5, 7, 0.75], "texture": "#1"},
				"up": {"uv": [4.25, 2, 4, 1], "texture": "#1"},
				"down": {"uv": [7.75, 6, 7.5, 7], "texture": "#1"}
			}
		},
		{
			"from": [16.7, 5.82339, 1.7422],
			"to": [17.1, 6.22339, 3.2422],
			"rotation": {"angle": 0, "axis": "x", "origin": [16.9, 5.62339, 0.8922]},
			"faces": {
				"north": {"uv": [1, 9.5, 1.25, 9.75], "texture": "#1"},
				"east": {"uv": [8, 5, 8.75, 5.25], "texture": "#1"},
				"south": {"uv": [9.5, 1, 9.75, 1.25], "texture": "#1"},
				"west": {"uv": [5.5, 8, 6.25, 8.25], "texture": "#1"},
				"up": {"uv": [8.25, 6.25, 8, 5.5], "texture": "#1"},
				"down": {"uv": [8.25, 6.5, 8, 7.25], "texture": "#1"}
			}
		},
		{
			"from": [16.8, 5.49714, 3.84851],
			"to": [17.2, 6.69714, 4.24851],
			"rotation": {"angle": 45, "axis": "x", "origin": [17, 6.79714, 4.24851]},
			"faces": {
				"north": {"uv": [9, 3, 9.25, 3.5], "texture": "#1"},
				"east": {"uv": [3.5, 9, 3.75, 9.5], "texture": "#1"},
				"south": {"uv": [9, 3.5, 9.25, 4], "texture": "#1"},
				"west": {"uv": [9, 4, 9.25, 4.5], "texture": "#1"},
				"up": {"uv": [1.75, 9.75, 1.5, 9.5], "texture": "#1"},
				"down": {"uv": [9.75, 1.5, 9.5, 1.75], "texture": "#1"}
			}
		},
		{
			"from": [16.8, 6.69714, 3.74851],
			"to": [17.2, 8.19714, 4.14851],
			"rotation": {"angle": 22.5, "axis": "z", "origin": [17, 6.79714, 4.24851]},
			"faces": {
				"north": {"uv": [7.5, 8, 7.75, 8.75], "texture": "#1"},
				"east": {"uv": [8, 7.5, 8.25, 8.25], "texture": "#1"},
				"south": {"uv": [8.5, 0, 8.75, 0.75], "texture": "#1"},
				"west": {"uv": [8.5, 1, 8.75, 1.75], "texture": "#1"},
				"up": {"uv": [9.75, 2.25, 9.5, 2], "texture": "#1"},
				"down": {"uv": [2.75, 9.5, 2.5, 9.75], "texture": "#1"}
			}
		},
		{
			"from": [16.3, 7.69714, 4.64851],
			"to": [16.7, 8.99714, 5.04851],
			"rotation": {"angle": -45, "axis": "x", "origin": [17, 6.79714, 4.24851]},
			"faces": {
				"north": {"uv": [8.5, 2, 8.75, 2.75], "texture": "#1"},
				"east": {"uv": [8.5, 3, 8.75, 3.75], "texture": "#1"},
				"south": {"uv": [4, 8.5, 4.25, 9.25], "texture": "#1"},
				"west": {"uv": [8.5, 4, 8.75, 4.75], "texture": "#1"},
				"up": {"uv": [9.75, 2.75, 9.5, 2.5], "texture": "#1"},
				"down": {"uv": [3.25, 9.5, 3, 9.75], "texture": "#1"}
			}
		},
		{
			"from": [16.3, 8.31742, 1.52676],
			"to": [16.7, 8.71742, 3.12676],
			"rotation": {"angle": 22.5, "axis": "x", "origin": [16.5, 8.31742, 3.57676]},
			"faces": {
				"north": {"uv": [9.5, 3, 9.75, 3.25], "texture": "#1"},
				"east": {"uv": [5.5, 8.5, 6.25, 8.75], "texture": "#1"},
				"south": {"uv": [3.5, 9.5, 3.75, 9.75], "texture": "#1"},
				"west": {"uv": [8.5, 5.5, 9.25, 5.75], "texture": "#1"},
				"up": {"uv": [4.75, 9.25, 4.5, 8.5], "texture": "#1"},
				"down": {"uv": [8.75, 6, 8.5, 6.75], "texture": "#1"}
			}
		},
		{
			"from": [16.5, 9.08055, 1.69844],
			"to": [19.9, 9.48055, 2.09844],
			"rotation": {"angle": 22.5, "axis": "z", "origin": [16.5, 8.98055, 2.49844]},
			"faces": {
				"north": {"uv": [2.5, 2, 4.25, 2.25], "texture": "#1"},
				"east": {"uv": [9.5, 3.5, 9.75, 3.75], "texture": "#1"},
				"south": {"uv": [2.5, 2.5, 4.25, 2.75], "texture": "#1"},
				"west": {"uv": [4, 9.5, 4.25, 9.75], "texture": "#1"},
				"up": {"uv": [4.25, 3.25, 2.5, 3], "texture": "#1"},
				"down": {"uv": [4.25, 3.5, 2.5, 3.75], "texture": "#1"}
			}
		},
		{
			"from": [18.35579, 11.20828, 1.69844],
			"to": [18.75579, 14.10828, 2.09844],
			"rotation": {"angle": -45, "axis": "z", "origin": [17.95579, 9.90828, 1.89844]},
			"faces": {
				"north": {"uv": [0, 4.5, 0.25, 6], "texture": "#1"},
				"east": {"uv": [0.5, 4.5, 0.75, 6], "texture": "#1"},
				"south": {"uv": [1, 4.5, 1.25, 6], "texture": "#1"},
				"west": {"uv": [4.5, 1, 4.75, 2.5], "texture": "#1"},
				"up": {"uv": [9.75, 4.25, 9.5, 4], "texture": "#1"},
				"down": {"uv": [4.75, 9.5, 4.5, 9.75], "texture": "#1"}
			}
		},
		{
			"from": [21.05579, 12.30828, 2.19844],
			"to": [21.45579, 13.70828, 2.59844],
			"rotation": {"angle": 22.5, "axis": "x", "origin": [21.05579, 13.75828, 1.89844]},
			"faces": {
				"north": {"uv": [6.5, 8.5, 6.75, 9.25], "texture": "#1"},
				"east": {"uv": [7, 8.5, 7.25, 9.25], "texture": "#1"},
				"south": {"uv": [8.5, 7, 8.75, 7.75], "texture": "#1"},
				"west": {"uv": [8, 8.5, 8.25, 9.25], "texture": "#1"},
				"up": {"uv": [9.75, 4.75, 9.5, 4.5], "texture": "#1"},
				"down": {"uv": [5.25, 9.5, 5, 9.75], "texture": "#1"}
			}
		},
		{
			"from": [21.05579, 13.35984, 2.8474],
			"to": [21.45579, 16.15984, 3.2474],
			"rotation": {"angle": 45, "axis": "x", "origin": [21.25579, 14.25984, 2.6474]},
			"faces": {
				"north": {"uv": [1.5, 4.5, 1.75, 6], "texture": "#1"},
				"east": {"uv": [4.5, 2.5, 4.75, 4], "texture": "#1"},
				"south": {"uv": [4.5, 4, 4.75, 5.5], "texture": "#1"},
				"west": {"uv": [5, 1, 5.25, 2.5], "texture": "#1"},
				"up": {"uv": [9.75, 5.25, 9.5, 5], "texture": "#1"},
				"down": {"uv": [5.75, 9.5, 5.5, 9.75], "texture": "#1"}
			}
		},
		{
			"from": [21.05579, 15.61045, 3.86369],
			"to": [21.45579, 16.01045, 6.56369],
			"rotation": {"angle": -22.5, "axis": "x", "origin": [21.25579, 16.31045, 5.26369]},
			"faces": {
				"north": {"uv": [9.5, 5.5, 9.75, 5.75], "texture": "#1"},
				"east": {"uv": [5, 2.5, 6.25, 2.75], "texture": "#1"},
				"south": {"uv": [6, 9.5, 6.25, 9.75], "texture": "#1"},
				"west": {"uv": [5, 3, 6.25, 3.25], "texture": "#1"},
				"up": {"uv": [5.25, 4.75, 5, 3.5], "texture": "#1"},
				"down": {"uv": [5.25, 5, 5, 6.25], "texture": "#1"}
			}
		},
		{
			"from": [18.90579, 16.16263, 6.30331],
			"to": [21.60579, 16.56263, 6.70331],
			"rotation": {"angle": -22.5, "axis": "z", "origin": [21.25579, 16.86263, 7.90331]},
			"faces": {
				"north": {"uv": [5.5, 1, 6.75, 1.25], "texture": "#1"},
				"east": {"uv": [9.5, 6, 9.75, 6.25], "texture": "#1"},
				"south": {"uv": [5.5, 1.5, 6.75, 1.75], "texture": "#1"},
				"west": {"uv": [6.5, 9.5, 6.75, 9.75], "texture": "#1"},
				"up": {"uv": [6.75, 2.25, 5.5, 2], "texture": "#1"},
				"down": {"uv": [3.75, 5.5, 2.5, 5.75], "texture": "#1"}
			}
		},
		{
			"from": [18.44609, 16.76661, 6.30331],
			"to": [18.84609, 17.96661, 6.70331],
			"rotation": {"angle": 22.5, "axis": "z", "origin": [17.64609, 17.81661, 6.50331]},
			"faces": {
				"north": {"uv": [9, 4.5, 9.25, 5], "texture": "#1"},
				"east": {"uv": [5, 9, 5.25, 9.5], "texture": "#1"},
				"south": {"uv": [9, 5, 9.25, 5.5], "texture": "#1"},
				"west": {"uv": [5.5, 9, 5.75, 9.5], "texture": "#1"},
				"up": {"uv": [9.75, 6.75, 9.5, 6.5], "texture": "#1"},
				"down": {"uv": [7.25, 9.5, 7, 9.75], "texture": "#1"}
			}
		},
		{
			"from": [18.14609, 18.56661, 6.30331],
			"to": [18.54609, 21.26661, 6.70331],
			"rotation": {"angle": -22.5, "axis": "z", "origin": [17.64609, 17.81661, 6.50331]},
			"faces": {
				"north": {"uv": [5.5, 3.5, 5.75, 4.75], "texture": "#1"},
				"east": {"uv": [4, 5.5, 4.25, 6.75], "texture": "#1"},
				"south": {"uv": [4.5, 5.5, 4.75, 6.75], "texture": "#1"},
				"west": {"uv": [5.5, 5, 5.75, 6.25], "texture": "#1"},
				"up": {"uv": [9.75, 7.25, 9.5, 7], "texture": "#1"},
				"down": {"uv": [7.75, 9.5, 7.5, 9.75], "texture": "#1"}
			}
		},
		{
			"from": [18.44609, 18.16661, 6.20331],
			"to": [18.54609, 20.46661, 6.70331],
			"rotation": {"angle": 22.5, "axis": "x", "origin": [17.64609, 17.81661, 6.50331]},
			"faces": {
				"north": {"uv": [0, 6, 0.25, 7.25], "texture": "#1"},
				"east": {"uv": [0.5, 6, 0.75, 7.25], "texture": "#1"},
				"south": {"uv": [1, 6, 1.25, 7.25], "texture": "#1"},
				"west": {"uv": [1.5, 6, 1.75, 7.25], "texture": "#1"},
				"up": {"uv": [9.75, 7.75, 9.5, 7.5], "texture": "#1"},
				"down": {"uv": [8.25, 9.5, 8, 9.75], "texture": "#1"}
			}
		},
		{
			"from": [18.44609, 18.36661, 6.70331],
			"to": [18.54609, 20.86661, 7.10331],
			"rotation": {"angle": 22.5, "axis": "x", "origin": [17.64609, 17.81661, 6.50331]},
			"faces": {
				"north": {"uv": [2, 6, 2.25, 7.25], "texture": "#1"},
				"east": {"uv": [2.5, 6, 2.75, 7.25], "texture": "#1"},
				"south": {"uv": [3, 6, 3.25, 7.25], "texture": "#1"},
				"west": {"uv": [3.5, 6, 3.75, 7.25], "texture": "#1"},
				"up": {"uv": [9.75, 8.25, 9.5, 8], "texture": "#1"},
				"down": {"uv": [8.75, 9.5, 8.5, 9.75], "texture": "#1"}
			}
		},
		{
			"from": [18.44609, 18.76661, 7.10331],
			"to": [18.54609, 21.26661, 7.50331],
			"rotation": {"angle": 22.5, "axis": "x", "origin": [17.64609, 17.81661, 6.50331]},
			"faces": {
				"north": {"uv": [6, 3.5, 6.25, 4.75], "texture": "#1"},
				"east": {"uv": [6, 5, 6.25, 6.25], "texture": "#1"},
				"south": {"uv": [6.5, 2.5, 6.75, 3.75], "texture": "#1"},
				"west": {"uv": [6.5, 4, 6.75, 5.25], "texture": "#1"},
				"up": {"uv": [9.75, 8.75, 9.5, 8.5], "texture": "#1"},
				"down": {"uv": [9.25, 9.5, 9, 9.75], "texture": "#1"}
			}
		},
		{
			"from": [15.62109, 15.47103, 1.98764],
			"to": [16.12109, 17.77103, 2.08764],
			"rotation": {"angle": 22.5, "axis": "z", "origin": [28.49609, 18.87103, 4.93764]},
			"faces": {
				"north": {"uv": [5, 6.5, 5.25, 7.75], "texture": "#1"},
				"east": {"uv": [5.5, 6.5, 5.75, 7.75], "texture": "#1"},
				"south": {"uv": [6.5, 5.5, 6.75, 6.75], "texture": "#1"},
				"west": {"uv": [6, 6.5, 6.25, 7.75], "texture": "#1"},
				"up": {"uv": [9.75, 9.25, 9.5, 9], "texture": "#1"},
				"down": {"uv": [9.75, 9.5, 9.5, 9.75], "texture": "#1"}
			}
		},
		{
			"from": [16.12109, 15.07103, 1.98764],
			"to": [16.52109, 17.57103, 2.08764],
			"rotation": {"angle": 22.5, "axis": "z", "origin": [28.49609, 18.87103, 4.93764]},
			"faces": {
				"north": {"uv": [7, 0, 7.25, 1.25], "texture": "#1"},
				"east": {"uv": [7, 1.5, 7.25, 2.75], "texture": "#1"},
				"south": {"uv": [7, 3, 7.25, 4.25], "texture": "#1"},
				"west": {"uv": [4, 7, 4.25, 8.25], "texture": "#1"},
				"up": {"uv": [0.25, 10.25, 0, 10], "texture": "#1"},
				"down": {"uv": [10.25, 0, 10, 0.25], "texture": "#1"}
			}
		},
		{
			"from": [16.52109, 14.67103, 1.98764],
			"to": [16.92109, 17.17103, 2.08764],
			"rotation": {"angle": 22.5, "axis": "z", "origin": [28.49609, 18.87103, 4.93764]},
			"faces": {
				"north": {"uv": [4.5, 7, 4.75, 8.25], "texture": "#1"},
				"east": {"uv": [7, 4.5, 7.25, 5.75], "texture": "#1"},
				"south": {"uv": [7, 6, 7.25, 7.25], "texture": "#1"},
				"west": {"uv": [6.5, 7, 6.75, 8.25], "texture": "#1"},
				"up": {"uv": [0.75, 10.25, 0.5, 10], "texture": "#1"},
				"down": {"uv": [10.25, 0.5, 10, 0.75], "texture": "#1"}
			}
		},
		{
			"from": [23.24609, 26.47103, 12.01264],
			"to": [23.34609, 28.77103, 12.51264],
			"rotation": {"angle": 45, "axis": "x", "origin": [23.29609, 27.27103, 10.33764]},
			"faces": {
				"north": {"uv": [0, 7.5, 0.25, 8.75], "texture": "#1"},
				"east": {"uv": [7.5, 0, 7.75, 1.25], "texture": "#1"},
				"south": {"uv": [0.5, 7.5, 0.75, 8.75], "texture": "#1"},
				"west": {"uv": [1, 7.5, 1.25, 8.75], "texture": "#1"},
				"up": {"uv": [1.25, 10.25, 1, 10], "texture": "#1"},
				"down": {"uv": [10.25, 1, 10, 1.25], "texture": "#1"}
			}
		},
		{
			"from": [23.24609, 26.07103, 11.61264],
			"to": [23.34609, 28.57103, 12.01264],
			"rotation": {"angle": 45, "axis": "x", "origin": [23.29609, 27.27103, 10.33764]},
			"faces": {
				"north": {"uv": [1.5, 7.5, 1.75, 8.75], "texture": "#1"},
				"east": {"uv": [7.5, 1.5, 7.75, 2.75], "texture": "#1"},
				"south": {"uv": [2, 7.5, 2.25, 8.75], "texture": "#1"},
				"west": {"uv": [2.5, 7.5, 2.75, 8.75], "texture": "#1"},
				"up": {"uv": [1.75, 10.25, 1.5, 10], "texture": "#1"},
				"down": {"uv": [10.25, 1.5, 10, 1.75], "texture": "#1"}
			}
		},
		{
			"from": [23.24609, 25.67103, 11.21264],
			"to": [23.34609, 28.17103, 11.61264],
			"rotation": {"angle": 45, "axis": "x", "origin": [23.29609, 27.27103, 10.33764]},
			"faces": {
				"north": {"uv": [3, 7.5, 3.25, 8.75], "texture": "#1"},
				"east": {"uv": [7.5, 3, 7.75, 4.25], "texture": "#1"},
				"south": {"uv": [3.5, 7.5, 3.75, 8.75], "texture": "#1"},
				"west": {"uv": [7.5, 4.5, 7.75, 5.75], "texture": "#1"},
				"up": {"uv": [2.25, 10.25, 2, 10], "texture": "#1"},
				"down": {"uv": [10.25, 2, 10, 2.25], "texture": "#1"}
			}
		},
		{
			"from": [19.42969, 20.93336, 7.30331],
			"to": [19.82969, 25.83336, 7.70331],
			"rotation": {"angle": 45, "axis": "x", "origin": [20.12969, 21.98336, 6.50331]},
			"faces": {
				"north": {"uv": [0, 0, 0.25, 2.5], "texture": "#1"},
				"east": {"uv": [0.5, 0, 0.75, 2.5], "texture": "#1"},
				"south": {"uv": [1, 0, 1.25, 2.5], "texture": "#1"},
				"west": {"uv": [1.5, 0, 1.75, 2.5], "texture": "#1"},
				"up": {"uv": [2.75, 10.25, 2.5, 10], "texture": "#1"},
				"down": {"uv": [10.25, 2.5, 10, 2.75], "texture": "#1"}
			}
		},
		{
			"from": [19.67969, 23.69757, 9.73174],
			"to": [23.67969, 24.09757, 10.13174],
			"rotation": {"angle": 22.5, "axis": "z", "origin": [19.62969, 23.39757, 9.33174]},
			"faces": {
				"north": {"uv": [2, 0, 4, 0.25], "texture": "#1"},
				"east": {"uv": [3, 10, 3.25, 10.25], "texture": "#1"},
				"south": {"uv": [2, 0.5, 4, 0.75], "texture": "#1"},
				"west": {"uv": [10, 3, 10.25, 3.25], "texture": "#1"},
				"up": {"uv": [4, 1.25, 2, 1], "texture": "#1"},
				"down": {"uv": [4, 1.5, 2, 1.75], "texture": "#1"}
			}
		},
		{
			"from": [22.92021, 26.11301, 9.73174],
			"to": [23.32021, 28.21301, 10.13174],
			"rotation": {"angle": 22.5, "axis": "z", "origin": [25.12021, 26.21301, 9.93174]},
			"faces": {
				"north": {"uv": [7, 7.5, 7.25, 8.5], "texture": "#1"},
				"east": {"uv": [7.5, 7, 7.75, 8], "texture": "#1"},
				"south": {"uv": [8, 0, 8.25, 1], "texture": "#1"},
				"west": {"uv": [8, 1, 8.25, 2], "texture": "#1"},
				"up": {"uv": [3.75, 10.25, 3.5, 10], "texture": "#1"},
				"down": {"uv": [10.25, 3.5, 10, 3.75], "texture": "#1"}
			}
		},
		{
			"from": [20.82021, 26.01301, 9.73174],
			"to": [22.42021, 26.41301, 10.13174],
			"rotation": {"angle": -22.5, "axis": "z", "origin": [25.12021, 26.21301, 9.93174]},
			"faces": {
				"north": {"uv": [8.5, 8, 9.25, 8.25], "texture": "#1"},
				"east": {"uv": [4, 10, 4.25, 10.25], "texture": "#1"},
				"south": {"uv": [8.5, 8.5, 9.25, 8.75], "texture": "#1"},
				"west": {"uv": [10, 4, 10.25, 4.25], "texture": "#1"},
				"up": {"uv": [0.75, 9.25, 0, 9], "texture": "#1"},
				"down": {"uv": [9.75, 0, 9, 0.25], "texture": "#1"}
			}
		},
		{
			"from": [21.90081, 27.61301, 9.61832],
			"to": [22.30081, 28.01301, 11.21832],
			"rotation": {"angle": -22.5, "axis": "y", "origin": [20.50081, 26.21301, 8.01832]},
			"faces": {
				"north": {"uv": [4.5, 10, 4.75, 10.25], "texture": "#1"},
				"east": {"uv": [9, 0.5, 9.75, 0.75], "texture": "#1"},
				"south": {"uv": [10, 4.5, 10.25, 4.75], "texture": "#1"},
				"west": {"uv": [1, 9, 1.75, 9.25], "texture": "#1"},
				"up": {"uv": [9.25, 1.75, 9, 1], "texture": "#1"},
				"down": {"uv": [2.25, 9, 2, 9.75], "texture": "#1"}
			}
		},
		{
			"from": [21.00081, 27.71301, 11.51832],
			"to": [21.30081, 28.01301, 14.81832],
			"rotation": {"angle": 22.5, "axis": "y", "origin": [20.80081, 27.81301, 12.51832]},
			"faces": {
				"north": {"uv": [5, 10, 5.25, 10.25], "texture": "#1"},
				"east": {"uv": [4, 0, 5.75, 0.25], "texture": "#1"},
				"south": {"uv": [10, 5, 10.25, 5.25], "texture": "#1"},
				"west": {"uv": [4, 0.5, 5.75, 0.75], "texture": "#1"},
				"up": {"uv": [1.75, 4.25, 1.5, 2.5], "texture": "#1"},
				"down": {"uv": [2.25, 4, 2, 5.75], "texture": "#1"}
			}
		},
		{
			"from": [21.6, 14.8, 2.3],
			"to": [22.2, 15.8, 2.6],
			"rotation": {"angle": -22.5, "axis": "y", "origin": [21.9, 15.3, 3.2]},
			"faces": {
				"north": {"uv": [8, 2, 7, 3], "texture": "#2"},
				"east": {"uv": [6, 7, 5, 8], "texture": "#2"},
				"south": {"uv": [5, 7, 4, 8], "texture": "#2"},
				"west": {"uv": [8, 3, 7, 4], "texture": "#2"},
				"up": {"uv": [7, 6, 8, 5], "texture": "#2"},
				"down": {"uv": [6, 7, 7, 8], "texture": "#2"}
			}
		},
		{
			"from": [21.6, 14.5, 2.6],
			"to": [22.2, 16.1, 4.1],
			"rotation": {"angle": -22.5, "axis": "y", "origin": [21.9, 15.3, 3.2]},
			"faces": {
				"north": {"uv": [3, 4, 2, 6], "texture": "#2"},
				"east": {"uv": [2, 2, 0, 4], "texture": "#2"},
				"south": {"uv": [5, 2, 4, 4], "texture": "#2"},
				"west": {"uv": [2, 0, 0, 2], "texture": "#2"},
				"up": {"uv": [3, 6, 4, 4], "texture": "#2"},
				"down": {"uv": [4, 4, 5, 6], "texture": "#2"}
			}
		},
		{
			"from": [21.2, 17.1, 3.9],
			"to": [21.8, 17.5, 4.9],
			"rotation": {"angle": -22.5, "axis": "z", "origin": [21.9, 15.3, 3.3]},
			"faces": {
				"north": {"uv": [8, 6, 7, 7], "texture": "#2"},
				"east": {"uv": [9, 0, 8, 1], "texture": "#2"},
				"south": {"uv": [1, 8, 0, 9], "texture": "#2"},
				"west": {"uv": [8, 7, 7, 8], "texture": "#2"},
				"up": {"uv": [1, 9, 2, 8], "texture": "#2"},
				"down": {"uv": [8, 1, 9, 2], "texture": "#2"}
			}
		},
		{
			"from": [21.2, 15.3, 3.6],
			"to": [21.8, 17.1, 5.2],
			"rotation": {"angle": -22.5, "axis": "z", "origin": [21.9, 15.3, 3.3]},
			"faces": {
				"north": {"uv": [6, 2, 5, 4], "texture": "#2"},
				"east": {"uv": [4, 2, 2, 4], "texture": "#2"},
				"south": {"uv": [6, 4, 5, 6], "texture": "#2"},
				"west": {"uv": [4, 0, 2, 2], "texture": "#2"},
				"up": {"uv": [0, 8, 1, 6], "texture": "#2"},
				"down": {"uv": [6, 0, 7, 2], "texture": "#2"}
			}
		},
		{
			"from": [21.17905, 14.8, 6.21627],
			"to": [21.77905, 15.8, 6.51627],
			"rotation": {"angle": 22.5, "axis": "y", "origin": [21.9, 15.3, 4.3]},
			"faces": {
				"north": {"uv": [3, 8, 2, 9], "texture": "#2"},
				"east": {"uv": [9, 3, 8, 4], "texture": "#2"},
				"south": {"uv": [4, 8, 3, 9], "texture": "#2"},
				"west": {"uv": [9, 2, 8, 3], "texture": "#2"},
				"up": {"uv": [4, 9, 5, 8], "texture": "#2"},
				"down": {"uv": [8, 4, 9, 5], "texture": "#2"}
			}
		},
		{
			"from": [21.17905, 14.5, 4.71627],
			"to": [21.77905, 16.1, 6.21627],
			"rotation": {"angle": 22.5, "axis": "y", "origin": [21.9, 15.3, 4.3]},
			"faces": {
				"north": {"uv": [2, 6, 1, 8], "texture": "#2"},
				"east": {"uv": [6, 0, 4, 2], "texture": "#2"},
				"south": {"uv": [3, 6, 2, 8], "texture": "#2"},
				"west": {"uv": [2, 4, 0, 6], "texture": "#2"},
				"up": {"uv": [6, 4, 7, 2], "texture": "#2"},
				"down": {"uv": [3, 6, 4, 8], "texture": "#2"}
			}
		},
		{
			"from": [21.6, 13.1, 3.9],
			"to": [22.2, 13.5, 4.9],
			"rotation": {"angle": 22.5, "axis": "z", "origin": [21.9, 13.9, 4.4]},
			"faces": {
				"north": {"uv": [6, 8, 5, 9], "texture": "#2"},
				"east": {"uv": [9, 6, 8, 7], "texture": "#2"},
				"south": {"uv": [7, 8, 6, 9], "texture": "#2"},
				"west": {"uv": [9, 5, 8, 6], "texture": "#2"},
				"up": {"uv": [7, 9, 8, 8], "texture": "#2"},
				"down": {"uv": [8, 7, 9, 8], "texture": "#2"}
			}
		},
		{
			"from": [21.6, 13.5, 3.6],
			"to": [22.2, 14.9, 5.2],
			"rotation": {"angle": 22.5, "axis": "z", "origin": [21.9, 13.9, 4.4]},
			"faces": {
				"north": {"uv": [9, 8, 8, 9], "texture": "#2"},
				"east": {"uv": [8, 4, 6, 5], "texture": "#2"},
				"south": {"uv": [1, 9, 0, 10], "texture": "#2"},
				"west": {"uv": [6, 6, 4, 7], "texture": "#2"},
				"up": {"uv": [6, 7, 7, 5], "texture": "#2"},
				"down": {"uv": [7, 0, 8, 2], "texture": "#2"}
			}
		},
		{
			"from": [21.2, 14.8, 3.9],
			"to": [22.2, 15.8, 4.9],
			"rotation": {"angle": 0, "axis": "y", "origin": [22.2, 14.8, 0.1]},
			"faces": {
				"north": {"uv": [10, 0, 9, 1], "texture": "#2"},
				"east": {"uv": [3, 9, 2, 10], "texture": "#2"},
				"south": {"uv": [10, 1, 9, 2], "texture": "#2"},
				"west": {"uv": [2, 9, 1, 10], "texture": "#2"},
				"up": {"uv": [9, 3, 10, 2], "texture": "#2"},
				"down": {"uv": [3, 9, 4, 10], "texture": "#2"}
			}
		},
		{
			"from": [-6.3, 7.8, -2.9],
			"to": [-2.2, 24.9, 0.1],
			"rotation": {"angle": 22.5, "axis": "x", "origin": [0, 0, 0]},
			"faces": {
				"north": {"uv": [0, 0, 2, 8.5], "texture": "#3"},
				"east": {"uv": [4, 0, 5.5, 8.5], "texture": "#3"},
				"south": {"uv": [2, 0, 4, 8.5], "texture": "#3"},
				"west": {"uv": [5.5, 0, 7, 8.5], "texture": "#3"},
				"up": {"uv": [9, 1.5, 7, 0], "texture": "#3"},
				"down": {"uv": [9, 1.5, 7, 3], "texture": "#3"}
			}
		},
		{
			"from": [18.1, 7.8, -2.9],
			"to": [22.2, 24.9, 0.1],
			"rotation": {"angle": 22.5, "axis": "x", "origin": [0, 0, 0]},
			"faces": {
				"north": {"uv": [2, 0, 0, 8.5], "texture": "#3"},
				"east": {"uv": [4, 0, 5.5, 8.5], "texture": "#3"},
				"south": {"uv": [4, 0, 2, 8.5], "texture": "#3"},
				"west": {"uv": [5.5, 0, 7, 8.5], "texture": "#3"},
				"up": {"uv": [9, 1.5, 7, 0], "texture": "#3"},
				"down": {"uv": [9, 1.5, 7, 3], "texture": "#3"}
			}
		},
		{
			"from": [14.1, -2.2, -0.9],
			"to": [18.2, 14.9, 2.1],
			"rotation": {"angle": 22.5, "axis": "x", "origin": [0, 0, 0]},
			"faces": {
				"north": {"uv": [2, 0, 0, 8.5], "texture": "#3"},
				"east": {"uv": [4, 0, 5.5, 8.5], "texture": "#3"},
				"south": {"uv": [2, 0, 4, 8.5], "texture": "#3"},
				"west": {"uv": [5.5, 0, 7, 8.5], "texture": "#3"},
				"up": {"uv": [9, 1.5, 7, 0], "texture": "#3"},
				"down": {"uv": [9, 1.5, 7, 3], "texture": "#3"}
			}
		},
		{
			"from": [-2.2, -2.2, -0.9],
			"to": [1.9, 14.9, 2.1],
			"rotation": {"angle": 22.5, "axis": "x", "origin": [16, 0, 0]},
			"faces": {
				"north": {"uv": [0, 0, 2, 8.5], "texture": "#3"},
				"east": {"uv": [7, 0, 5.5, 8.5], "texture": "#3"},
				"south": {"uv": [4, 0, 2, 8.5], "texture": "#3"},
				"west": {"uv": [5.5, 0, 4, 8.5], "texture": "#3"},
				"up": {"uv": [7, 1.5, 9, 0], "texture": "#3"},
				"down": {"uv": [7, 1.5, 9, 3], "texture": "#3"}
			}
		}
	],
	"display": {
		"thirdperson_righthand": {
			"scale": [0.41602, 0.41602, 0.41602]
		},
		"thirdperson_lefthand": {
			"scale": [0.41602, 0.41602, 0.41602]
		},
		"firstperson_righthand": {
			"scale": [0.37695, 0.37695, 0.37695]
		},
		"firstperson_lefthand": {
			"scale": [0.37695, 0.37695, 0.37695]
		},
		"ground": {
			"translation": [0, 1, 0],
			"scale": [0.38281, 0.38281, 0.38281]
		},
		"gui": {
			"rotation": [30, 141, 0],
			"translation": [0, -2, 0],
			"scale": [0.37305, 0.37305, 0.37305]
		},
		"head": {
			"rotation": [31, 0, 0],
			"translation": [0, 5.5, 6.25],
			"scale": [0.94336, 0.94336, 0.94336]
		},
		"fixed": {
			"rotation": [-54, 0, 0],
			"translation": [0, 0, -5.5]
		}
	},
	"groups": [
		{
			"name": "Right",
			"origin": [8, 8, 8],
			"color": 0,
			"children": [0, 1, 2, 3, 4, 5, 6, 7, 8, 9, 10, 11, 12, 13, 14, 15]
		},
		{
			"name": "Left",
			"origin": [8, 8, 8],
			"color": 0,
			"children": [16, 17, 18, 19, 20, 21, 22, 23, 24, 25, 26, 27, 28, 29, 30, 31, 32]
		},
		{
			"name": "Flowers",
			"origin": [8, 8, 8],
			"color": 0,
			"children": [33, 34, 35, 36, 37, 38, 39, 40, 41]
		},
		{
			"name": "Vine",
			"origin": [8, 8, 8],
			"color": 0,
			"children": [42, 43, 44, 45, 46, 47, 48, 49, 50, 51, 52, 53, 54, 55, 56, 57, 58, 59, 60, 61, 62, 63, 64, 65, 66, 67, 68, 69, 70, 71, 72, 73, 74]
		},
		{
			"name": "Flowers",
			"origin": [8, 8, 8],
			"color": 0,
			"children": [75, 76, 77, 78, 79, 80, 81, 82, 83]
		},
		84,
		85,
		86,
		87
	]
}