{
	"credit": "Made with Blockbench",
	"texture_size": [4, 4],
	"textures": {
		"0": "hat_textures/blue_hair_piece_flower_texture",
		"1": "hat_textures/blue_hair_piece_flat_texture",
		"2": "hat_textures/blue_hair_piece_balls_texture",
		"particle": "hat_textures/blue_hair_piece_flower_texture"
	},
	"elements": [
		{
			"from": [6.778, 0.01, 15.5],
			"to": [6.91, 1.33, 16.82],
			"rotation": {"angle": -45, "axis": "y", "origin": [7.636, 0.67, 15.83]},
			"faces": {
				"north": {"uv": [0, 0, 4, 4], "texture": "#0"},
				"east": {"uv": [0, 4, 4, 8], "texture": "#0"},
				"south": {"uv": [4, 0, 8, 4], "texture": "#0"},
				"west": {"uv": [4, 4, 8, 8], "texture": "#0"},
				"up": {"uv": [4, 12, 0, 8], "texture": "#0"},
				"down": {"uv": [12, 0, 8, 4], "texture": "#0"}
			}
		},
		{
			"from": [8.296, 0.01, 15.368],
			"to": [8.428, 1.33, 16.688],
			"rotation": {"angle": 45, "axis": "y", "origin": [7.636, 0.67, 15.83]},
			"faces": {
				"north": {"uv": [0, 0, 4, 4], "texture": "#0"},
				"east": {"uv": [0, 4, 4, 8], "texture": "#0"},
				"south": {"uv": [4, 0, 8, 4], "texture": "#0"},
				"west": {"uv": [4, 4, 8, 8], "texture": "#0"},
				"up": {"uv": [4, 12, 0, 8], "texture": "#0"},
				"down": {"uv": [12, 0, 8, 4], "texture": "#0"}
			}
		},
		{
			"from": [6.91502, 1.11101, 15.32544],
			"to": [8.23502, 1.24301, 16.64544],
			"rotation": {"angle": -45, "axis": "x", "origin": [7.57502, 0.67, 15.57743]},
			"faces": {
				"north": {"uv": [0, 0, 4, 4], "rotation": 270, "texture": "#0"},
				"east": {"uv": [4, 12, 0, 8], "rotation": 90, "texture": "#0"},
				"south": {"uv": [4, 0, 8, 4], "rotation": 90, "texture": "#0"},
				"west": {"uv": [12, 0, 8, 4], "rotation": 90, "texture": "#0"},
				"up": {"uv": [4, 4, 8, 8], "rotation": 90, "texture": "#0"},
				"down": {"uv": [0, 4, 4, 8], "rotation": 90, "texture": "#0"}
			}
		},
		{
			"from": [6.91502, 0.05032, 15.30611],
			"to": [8.23502, 0.18232, 16.62611],
			"rotation": {"angle": 45, "axis": "x", "origin": [7.57502, 0.67, 15.57743]},
			"faces": {
				"north": {"uv": [0, 0, 4, 4], "rotation": 270, "texture": "#0"},
				"east": {"uv": [4, 12, 0, 8], "rotation": 90, "texture": "#0"},
				"south": {"uv": [4, 0, 8, 4], "rotation": 90, "texture": "#0"},
				"west": {"uv": [12, 0, 8, 4], "rotation": 90, "texture": "#0"},
				"up": {"uv": [4, 4, 8, 8], "rotation": 90, "texture": "#0"},
				"down": {"uv": [0, 4, 4, 8], "rotation": 90, "texture": "#0"}
			}
		},
		{
			"from": [7.24, 0.34, 14.972],
			"to": [7.9, 1, 15.632],
			"rotation": {"angle": 0, "axis": "z", "origin": [7.57, 0.67, 15.5]},
			"faces": {
				"north": {"uv": [0, 12, 2, 14], "texture": "#0"},
				"east": {"uv": [0, 14, 2, 16], "texture": "#0"},
				"south": {"uv": [0, 12, 2, 14], "texture": "#0"},
				"west": {"uv": [0, 14, 2, 16], "texture": "#0"},
				"up": {"uv": [0, 14, 2, 16], "texture": "#0"},
				"down": {"uv": [0, 14, 2, 16], "texture": "#0"}
			}
		},
		{
			"from": [8.53304, 1.3564, 15.2872],
			"to": [8.61816, 2.2076, 16.1384],
			"rotation": {"angle": -22.5, "axis": "y", "origin": [9.04376, 1.782, 15.7128]},
			"faces": {
				"north": {"uv": [0, 0, 4, 4], "texture": "#0"},
				"east": {"uv": [0, 4, 4, 8], "texture": "#0"},
				"south": {"uv": [4, 0, 8, 4], "texture": "#0"},
				"west": {"uv": [4, 4, 8, 8], "texture": "#0"},
				"up": {"uv": [4, 12, 0, 8], "texture": "#0"},
				"down": {"uv": [12, 0, 8, 4], "texture": "#0"}
			}
		},
		{
			"from": [9.38424, 1.3564, 15.2872],
			"to": [9.46936, 2.2076, 16.1384],
			"rotation": {"angle": 22.5, "axis": "y", "origin": [9.04376, 1.782, 15.7128]},
			"faces": {
				"north": {"uv": [0, 0, 4, 4], "texture": "#0"},
				"east": {"uv": [0, 4, 4, 8], "texture": "#0"},
				"south": {"uv": [4, 0, 8, 4], "texture": "#0"},
				"west": {"uv": [4, 4, 8, 8], "texture": "#0"},
				"up": {"uv": [4, 12, 0, 8], "texture": "#0"},
				"down": {"uv": [12, 0, 8, 4], "texture": "#0"}
			}
		},
		{
			"from": [8.57884, 2.10895, 15.25976],
			"to": [9.43004, 2.19407, 16.11096],
			"rotation": {"angle": -22.5, "axis": "x", "origin": [9.00444, 1.782, 15.54993]},
			"faces": {
				"north": {"uv": [0, 0, 4, 4], "rotation": 270, "texture": "#0"},
				"east": {"uv": [4, 12, 0, 8], "rotation": 90, "texture": "#0"},
				"south": {"uv": [4, 0, 8, 4], "rotation": 90, "texture": "#0"},
				"west": {"uv": [12, 0, 8, 4], "rotation": 90, "texture": "#0"},
				"up": {"uv": [4, 4, 8, 8], "rotation": 90, "texture": "#0"},
				"down": {"uv": [0, 4, 4, 8], "rotation": 90, "texture": "#0"}
			}
		},
		{
			"from": [8.57884, 1.3824, 15.28985],
			"to": [9.43004, 1.46752, 16.14105],
			"rotation": {"angle": 22.5, "axis": "x", "origin": [9.00444, 1.782, 15.54993]},
			"faces": {
				"north": {"uv": [0, 0, 4, 4], "rotation": 270, "texture": "#0"},
				"east": {"uv": [4, 12, 0, 8], "rotation": 90, "texture": "#0"},
				"south": {"uv": [4, 0, 8, 4], "rotation": 90, "texture": "#0"},
				"west": {"uv": [12, 0, 8, 4], "rotation": 90, "texture": "#0"},
				"up": {"uv": [4, 4, 8, 8], "rotation": 90, "texture": "#0"},
				"down": {"uv": [0, 4, 4, 8], "rotation": 90, "texture": "#0"}
			}
		},
		{
			"from": [8.7884, 1.5692, 15.15952],
			"to": [9.214, 1.9948, 15.58512],
			"rotation": {"angle": 0, "axis": "z", "origin": [9.0012, 1.782, 15.5]},
			"faces": {
				"north": {"uv": [0, 12, 2, 14], "texture": "#0"},
				"east": {"uv": [0, 14, 2, 16], "texture": "#0"},
				"south": {"uv": [0, 12, 2, 14], "texture": "#0"},
				"west": {"uv": [0, 14, 2, 16], "texture": "#0"},
				"up": {"uv": [0, 14, 2, 16], "texture": "#0"},
				"down": {"uv": [0, 14, 2, 16], "texture": "#0"}
			}
		},
		{
			"from": [3.03304, 1.6064, 15.2872],
			"to": [3.11816, 2.4576, 16.1384],
			"rotation": {"angle": -22.5, "axis": "y", "origin": [3.54376, 2.032, 15.7128]},
			"faces": {
				"north": {"uv": [0, 0, 4, 4], "texture": "#0"},
				"east": {"uv": [0, 4, 4, 8], "texture": "#0"},
				"south": {"uv": [4, 0, 8, 4], "texture": "#0"},
				"west": {"uv": [4, 4, 8, 8], "texture": "#0"},
				"up": {"uv": [4, 12, 0, 8], "texture": "#0"},
				"down": {"uv": [12, 0, 8, 4], "texture": "#0"}
			}
		},
		{
			"from": [3.88424, 1.6064, 15.2872],
			"to": [3.96936, 2.4576, 16.1384],
			"rotation": {"angle": 22.5, "axis": "y", "origin": [3.54376, 2.032, 15.7128]},
			"faces": {
				"north": {"uv": [0, 0, 4, 4], "texture": "#0"},
				"east": {"uv": [0, 4, 4, 8], "texture": "#0"},
				"south": {"uv": [4, 0, 8, 4], "texture": "#0"},
				"west": {"uv": [4, 4, 8, 8], "texture": "#0"},
				"up": {"uv": [4, 12, 0, 8], "texture": "#0"},
				"down": {"uv": [12, 0, 8, 4], "texture": "#0"}
			}
		},
		{
			"from": [3.07884, 2.35895, 15.25976],
			"to": [3.93004, 2.44407, 16.11096],
			"rotation": {"angle": -22.5, "axis": "x", "origin": [3.50444, 2.032, 15.54993]},
			"faces": {
				"north": {"uv": [0, 0, 4, 4], "rotation": 270, "texture": "#0"},
				"east": {"uv": [4, 12, 0, 8], "rotation": 90, "texture": "#0"},
				"south": {"uv": [4, 0, 8, 4], "rotation": 90, "texture": "#0"},
				"west": {"uv": [12, 0, 8, 4], "rotation": 90, "texture": "#0"},
				"up": {"uv": [4, 4, 8, 8], "rotation": 90, "texture": "#0"},
				"down": {"uv": [0, 4, 4, 8], "rotation": 90, "texture": "#0"}
			}
		},
		{
			"from": [3.07884, 1.6324, 15.28985],
			"to": [3.93004, 1.71752, 16.14105],
			"rotation": {"angle": 22.5, "axis": "x", "origin": [3.50444, 2.032, 15.54993]},
			"faces": {
				"north": {"uv": [0, 0, 4, 4], "rotation": 270, "texture": "#0"},
				"east": {"uv": [4, 12, 0, 8], "rotation": 90, "texture": "#0"},
				"south": {"uv": [4, 0, 8, 4], "rotation": 90, "texture": "#0"},
				"west": {"uv": [12, 0, 8, 4], "rotation": 90, "texture": "#0"},
				"up": {"uv": [4, 4, 8, 8], "rotation": 90, "texture": "#0"},
				"down": {"uv": [0, 4, 4, 8], "rotation": 90, "texture": "#0"}
			}
		},
		{
			"from": [3.2884, 1.8192, 15.15952],
			"to": [3.714, 2.2448, 15.58512],
			"rotation": {"angle": 0, "axis": "z", "origin": [3.5012, 2.032, 15.5]},
			"faces": {
				"north": {"uv": [0, 12, 2, 14], "texture": "#0"},
				"east": {"uv": [0, 14, 2, 16], "texture": "#0"},
				"south": {"uv": [0, 12, 2, 14], "texture": "#0"},
				"west": {"uv": [0, 14, 2, 16], "texture": "#0"},
				"up": {"uv": [0, 14, 2, 16], "texture": "#0"},
				"down": {"uv": [0, 14, 2, 16], "texture": "#0"}
			}
		},
		{
			"from": [11.95845, -0.06126, 15.34253],
			"to": [12.02144, 0.56862, 15.97242],
			"rotation": {"angle": -22.5, "axis": "y", "origin": [12.33638, 0.25368, 15.65747]},
			"faces": {
				"north": {"uv": [0, 0, 4, 4], "texture": "#0"},
				"east": {"uv": [0, 4, 4, 8], "texture": "#0"},
				"south": {"uv": [4, 0, 8, 4], "texture": "#0"},
				"west": {"uv": [4, 4, 8, 8], "texture": "#0"},
				"up": {"uv": [4, 12, 0, 8], "texture": "#0"},
				"down": {"uv": [12, 0, 8, 4], "texture": "#0"}
			}
		},
		{
			"from": [12.58834, -0.06126, 15.34253],
			"to": [12.65133, 0.56862, 15.97242],
			"rotation": {"angle": 22.5, "axis": "y", "origin": [12.33638, 0.25368, 15.65747]},
			"faces": {
				"north": {"uv": [0, 0, 4, 4], "texture": "#0"},
				"east": {"uv": [0, 4, 4, 8], "texture": "#0"},
				"south": {"uv": [4, 0, 8, 4], "texture": "#0"},
				"west": {"uv": [4, 4, 8, 8], "texture": "#0"},
				"up": {"uv": [4, 12, 0, 8], "texture": "#0"},
				"down": {"uv": [12, 0, 8, 4], "texture": "#0"}
			}
		},
		{
			"from": [11.99234, 0.49562, 15.32222],
			"to": [12.62223, 0.55861, 15.95211],
			"rotation": {"angle": -22.5, "axis": "x", "origin": [12.30729, 0.25368, 15.53695]},
			"faces": {
				"north": {"uv": [0, 0, 4, 4], "rotation": 270, "texture": "#0"},
				"east": {"uv": [4, 12, 0, 8], "rotation": 90, "texture": "#0"},
				"south": {"uv": [4, 0, 8, 4], "rotation": 90, "texture": "#0"},
				"west": {"uv": [12, 0, 8, 4], "rotation": 90, "texture": "#0"},
				"up": {"uv": [4, 4, 8, 8], "rotation": 90, "texture": "#0"},
				"down": {"uv": [0, 4, 4, 8], "rotation": 90, "texture": "#0"}
			}
		},
		{
			"from": [11.99234, -0.04202, 15.34449],
			"to": [12.62223, 0.02097, 15.97438],
			"rotation": {"angle": 22.5, "axis": "x", "origin": [12.30729, 0.25368, 15.53695]},
			"faces": {
				"north": {"uv": [0, 0, 4, 4], "rotation": 270, "texture": "#0"},
				"east": {"uv": [4, 12, 0, 8], "rotation": 90, "texture": "#0"},
				"south": {"uv": [4, 0, 8, 4], "rotation": 90, "texture": "#0"},
				"west": {"uv": [12, 0, 8, 4], "rotation": 90, "texture": "#0"},
				"up": {"uv": [4, 4, 8, 8], "rotation": 90, "texture": "#0"},
				"down": {"uv": [0, 4, 4, 8], "rotation": 90, "texture": "#0"}
			}
		},
		{
			"from": [12.14742, 0.09621, 15.24804],
			"to": [12.46236, 0.41115, 15.56299],
			"rotation": {"angle": 0, "axis": "z", "origin": [12.30489, 0.25368, 15.5]},
			"faces": {
				"north": {"uv": [0, 12, 2, 14], "texture": "#0"},
				"east": {"uv": [0, 14, 2, 16], "texture": "#0"},
				"south": {"uv": [0, 12, 2, 14], "texture": "#0"},
				"west": {"uv": [0, 14, 2, 16], "texture": "#0"},
				"up": {"uv": [0, 14, 2, 16], "texture": "#0"},
				"down": {"uv": [0, 14, 2, 16], "texture": "#0"}
			}
		},
		{
			"from": [11.25, 0, 15],
			"to": [11.75, 0.5, 15.5],
			"faces": {
				"north": {"uv": [4, 8, 6, 10], "texture": "#2"},
				"east": {"uv": [8, 4, 10, 6], "texture": "#2"},
				"south": {"uv": [8, 8, 10, 10], "texture": "#2"},
				"west": {"uv": [0, 12, 2, 14], "texture": "#2"},
				"up": {"uv": [14, 2, 12, 0], "texture": "#2"},
				"down": {"uv": [6, 12, 4, 14], "texture": "#2"}
			}
		},
		{
			"from": [5.75, 1.5, 15],
			"to": [6.25, 2, 15.5],
			"faces": {
				"north": {"uv": [0, 0, 2, 2], "texture": "#2"},
				"east": {"uv": [0, 4, 2, 6], "texture": "#2"},
				"south": {"uv": [4, 0, 6, 2], "texture": "#2"},
				"west": {"uv": [4, 4, 6, 6], "texture": "#2"},
				"up": {"uv": [2, 10, 0, 8], "texture": "#2"},
				"down": {"uv": [10, 0, 8, 2], "texture": "#2"}
			}
		},
		{
			"from": [2.75, 0.75, 15],
			"to": [3.25, 1.25, 15.5],
			"faces": {
				"north": {"uv": [4, 8, 6, 10], "texture": "#2"},
				"east": {"uv": [12, 0, 14, 2], "texture": "#2"},
				"south": {"uv": [8, 8, 10, 10], "texture": "#2"},
				"west": {"uv": [4, 12, 6, 14], "texture": "#2"},
				"up": {"uv": [8, 4, 10, 6], "texture": "#2"},
				"down": {"uv": [0, 12, 2, 14], "texture": "#2"}
			}
		},
		{
			"from": [12.75, 4, 15],
			"to": [13.25, 4.5, 15.5],
			"faces": {
				"north": {"uv": [0, 0, 2, 2], "texture": "#2"},
				"east": {"uv": [8, 0, 10, 2], "texture": "#2"},
				"south": {"uv": [4, 0, 6, 2], "texture": "#2"},
				"west": {"uv": [4, 4, 6, 6], "texture": "#2"},
				"up": {"uv": [0, 4, 2, 6], "texture": "#2"},
				"down": {"uv": [0, 8, 2, 10], "texture": "#2"}
			}
		},
		{
			"from": [14, 1.5, 15],
			"to": [14.5, 2, 15.5],
			"faces": {
				"north": {"uv": [0, 0, 2, 2], "texture": "#2"},
				"east": {"uv": [8, 0, 10, 2], "texture": "#2"},
				"south": {"uv": [4, 0, 6, 2], "texture": "#2"},
				"west": {"uv": [4, 4, 6, 6], "texture": "#2"},
				"up": {"uv": [0, 4, 2, 6], "texture": "#2"},
				"down": {"uv": [0, 8, 2, 10], "texture": "#2"}
			}
		},
		{
			"from": [4, 1.25, 15],
			"to": [4.5, 1.75, 15.5],
			"faces": {
				"north": {"uv": [0, 0, 2, 2], "texture": "#2"},
				"east": {"uv": [8, 0, 10, 2], "texture": "#2"},
				"south": {"uv": [4, 0, 6, 2], "texture": "#2"},
				"west": {"uv": [4, 4, 6, 6], "texture": "#2"},
				"up": {"uv": [0, 4, 2, 6], "texture": "#2"},
				"down": {"uv": [0, 8, 2, 10], "texture": "#2"}
			}
		},
		{
			"from": [4.75, 0.25, 15],
			"to": [5.25, 0.75, 15.5],
			"faces": {
				"north": {"uv": [4, 8, 6, 10], "texture": "#2"},
				"east": {"uv": [12, 0, 14, 2], "texture": "#2"},
				"south": {"uv": [8, 8, 10, 10], "texture": "#2"},
				"west": {"uv": [4, 12, 6, 14], "texture": "#2"},
				"up": {"uv": [8, 4, 10, 6], "texture": "#2"},
				"down": {"uv": [0, 12, 2, 14], "texture": "#2"}
			}
		},
		{
			"from": [4, -1, 15],
			"to": [4.5, -0.5, 15.5],
			"faces": {
				"north": {"uv": [0, 0, 2, 2], "texture": "#2"},
				"east": {"uv": [8, 0, 10, 2], "texture": "#2"},
				"south": {"uv": [4, 0, 6, 2], "texture": "#2"},
				"west": {"uv": [4, 4, 6, 6], "texture": "#2"},
				"up": {"uv": [0, 4, 2, 6], "texture": "#2"},
				"down": {"uv": [0, 8, 2, 10], "texture": "#2"}
			}
		},
		{
			"from": [9.75, -0.75, 15],
			"to": [10.25, -0.25, 15.5],
			"faces": {
				"north": {"uv": [0, 0, 2, 2], "texture": "#2"},
				"east": {"uv": [8, 0, 10, 2], "texture": "#2"},
				"south": {"uv": [4, 0, 6, 2], "texture": "#2"},
				"west": {"uv": [4, 4, 6, 6], "texture": "#2"},
				"up": {"uv": [0, 4, 2, 6], "texture": "#2"},
				"down": {"uv": [0, 8, 2, 10], "texture": "#2"}
			}
		},
		{
			"from": [10.25, 0.25, 15],
			"to": [10.75, 0.75, 15.5],
			"faces": {
				"north": {"uv": [0, 0, 2, 2], "texture": "#2"},
				"east": {"uv": [8, 0, 10, 2], "texture": "#2"},
				"south": {"uv": [4, 0, 6, 2], "texture": "#2"},
				"west": {"uv": [4, 4, 6, 6], "texture": "#2"},
				"up": {"uv": [0, 4, 2, 6], "texture": "#2"},
				"down": {"uv": [0, 8, 2, 10], "texture": "#2"}
			}
		},
		{
			"from": [9, 3.25, 15],
			"to": [9.5, 3.75, 15.5],
			"faces": {
				"north": {"uv": [0, 0, 2, 2], "texture": "#2"},
				"east": {"uv": [8, 0, 10, 2], "texture": "#2"},
				"south": {"uv": [4, 0, 6, 2], "texture": "#2"},
				"west": {"uv": [4, 4, 6, 6], "texture": "#2"},
				"up": {"uv": [0, 4, 2, 6], "texture": "#2"},
				"down": {"uv": [0, 8, 2, 10], "texture": "#2"}
			}
		},
		{
			"from": [6.75, 2.25, 15],
			"to": [7.25, 2.75, 15.5],
			"faces": {
				"north": {"uv": [0, 0, 2, 2], "texture": "#2"},
				"east": {"uv": [8, 0, 10, 2], "texture": "#2"},
				"south": {"uv": [4, 0, 6, 2], "texture": "#2"},
				"west": {"uv": [4, 4, 6, 6], "texture": "#2"},
				"up": {"uv": [0, 4, 2, 6], "texture": "#2"},
				"down": {"uv": [0, 8, 2, 10], "texture": "#2"}
			}
		},
		{
			"from": [11.75, 1.75, 15],
			"to": [12.25, 2.25, 15.5],
			"faces": {
				"north": {"uv": [4, 8, 6, 10], "texture": "#2"},
				"east": {"uv": [12, 0, 14, 2], "texture": "#2"},
				"south": {"uv": [8, 8, 10, 10], "texture": "#2"},
				"west": {"uv": [4, 12, 6, 14], "texture": "#2"},
				"up": {"uv": [8, 4, 10, 6], "texture": "#2"},
				"down": {"uv": [0, 12, 2, 14], "texture": "#2"}
			}
		},
		{
			"from": [3, 2.75, 15],
			"to": [3.5, 3.25, 15.5],
			"faces": {
				"north": {"uv": [0, 0, 2, 2], "texture": "#2"},
				"east": {"uv": [8, 0, 10, 2], "texture": "#2"},
				"south": {"uv": [4, 0, 6, 2], "texture": "#2"},
				"west": {"uv": [4, 4, 6, 6], "texture": "#2"},
				"up": {"uv": [0, 4, 2, 6], "texture": "#2"},
				"down": {"uv": [0, 8, 2, 10], "texture": "#2"}
			}
		},
		{
			"from": [1.5, 0.5, 15],
			"to": [2, 1, 15.5],
			"faces": {
				"north": {"uv": [0, 0, 2, 2], "texture": "#2"},
				"east": {"uv": [8, 0, 10, 2], "texture": "#2"},
				"south": {"uv": [4, 0, 6, 2], "texture": "#2"},
				"west": {"uv": [4, 4, 6, 6], "texture": "#2"},
				"up": {"uv": [0, 4, 2, 6], "texture": "#2"},
				"down": {"uv": [0, 8, 2, 10], "texture": "#2"}
			}
		},
		{
			"from": [1.75, 2, 15],
			"to": [2.25, 2.5, 15.5],
			"faces": {
				"north": {"uv": [4, 8, 6, 10], "texture": "#2"},
				"east": {"uv": [12, 0, 14, 2], "texture": "#2"},
				"south": {"uv": [8, 8, 10, 10], "texture": "#2"},
				"west": {"uv": [4, 12, 6, 14], "texture": "#2"},
				"up": {"uv": [8, 4, 10, 6], "texture": "#2"},
				"down": {"uv": [0, 12, 2, 14], "texture": "#2"}
			}
		},
		{
			"from": [13.5, 2.5, 15],
			"to": [14, 3, 15.5],
			"faces": {
				"north": {"uv": [4, 8, 6, 10], "texture": "#2"},
				"east": {"uv": [12, 0, 14, 2], "texture": "#2"},
				"south": {"uv": [8, 8, 10, 10], "texture": "#2"},
				"west": {"uv": [4, 12, 6, 14], "texture": "#2"},
				"up": {"uv": [8, 4, 10, 6], "texture": "#2"},
				"down": {"uv": [0, 12, 2, 14], "texture": "#2"}
			}
		},
		{
			"from": [4.25, 2, 15],
			"to": [5, 2.75, 15.75],
			"faces": {
				"north": {"uv": [0, 14, 2, 16], "texture": "#0"},
				"east": {"uv": [0, 12, 2, 14], "texture": "#0"},
				"south": {"uv": [0, 12, 2, 14], "texture": "#0"},
				"west": {"uv": [0, 12, 2, 14], "texture": "#0"},
				"up": {"uv": [0, 12, 2, 14], "texture": "#0"},
				"down": {"uv": [0, 12, 2, 14], "texture": "#0"}
			}
		},
		{
			"from": [5, -2, 15],
			"to": [5.75, -1.25, 15.75],
			"faces": {
				"north": {"uv": [0, 14, 2, 16], "texture": "#0"},
				"east": {"uv": [0, 12, 2, 14], "texture": "#0"},
				"south": {"uv": [0, 12, 2, 14], "texture": "#0"},
				"west": {"uv": [0, 12, 2, 14], "texture": "#0"},
				"up": {"uv": [0, 12, 2, 14], "texture": "#0"},
				"down": {"uv": [0, 12, 2, 14], "texture": "#0"}
			}
		},
		{
			"from": [1.5, 2.75, 15],
			"to": [2.25, 3.5, 15.75],
			"faces": {
				"north": {"uv": [0, 14, 2, 16], "texture": "#0"},
				"east": {"uv": [0, 12, 2, 14], "texture": "#0"},
				"south": {"uv": [0, 12, 2, 14], "texture": "#0"},
				"west": {"uv": [0, 12, 2, 14], "texture": "#0"},
				"up": {"uv": [0, 12, 2, 14], "texture": "#0"},
				"down": {"uv": [0, 12, 2, 14], "texture": "#0"}
			}
		},
		{
			"from": [10.75, 2.5, 15],
			"to": [11.5, 3.25, 15.75],
			"faces": {
				"north": {"uv": [0, 14, 2, 16], "texture": "#0"},
				"east": {"uv": [0, 12, 2, 14], "texture": "#0"},
				"south": {"uv": [0, 12, 2, 14], "texture": "#0"},
				"west": {"uv": [0, 12, 2, 14], "texture": "#0"},
				"up": {"uv": [0, 12, 2, 14], "texture": "#0"},
				"down": {"uv": [0, 12, 2, 14], "texture": "#0"}
			}
		},
		{
			"from": [12.25, 0.75, 15],
			"to": [13, 1.5, 15.75],
			"faces": {
				"north": {"uv": [0, 14, 2, 16], "texture": "#0"},
				"east": {"uv": [0, 12, 2, 14], "texture": "#0"},
				"south": {"uv": [0, 12, 2, 14], "texture": "#0"},
				"west": {"uv": [0, 12, 2, 14], "texture": "#0"},
				"up": {"uv": [0, 12, 2, 14], "texture": "#0"},
				"down": {"uv": [0, 12, 2, 14], "texture": "#0"}
			}
		},
		{
			"from": [1, -3, 1],
			"to": [15, 5, 15],
			"faces": {
				"north": {"uv": [7, 0, 14, 4], "texture": "#1"},
				"east": {"uv": [7, 4, 14, 8], "texture": "#1"},
				"south": {"uv": [7, 8, 14, 12], "texture": "#1"},
				"west": {"uv": [7, 12, 14, 16], "texture": "#1"},
				"up": {"uv": [7, 7, 0, 0], "texture": "#1"},
				"down": {"uv": [7, 7, 0, 14], "texture": "#1"}
			}
		},
		{
			"from": [15, 2, 11],
			"to": [15.75, 2.75, 11.75],
			"rotation": {"angle": 0, "axis": "y", "origin": [8, 0, 8]},
			"faces": {
				"north": {"uv": [0, 12, 2, 14], "texture": "#0"},
				"east": {"uv": [0, 12, 2, 14], "texture": "#0"},
				"south": {"uv": [0, 12, 2, 14], "texture": "#0"},
				"west": {"uv": [0, 14, 2, 16], "texture": "#0"},
				"up": {"uv": [0, 12, 2, 14], "rotation": 270, "texture": "#0"},
				"down": {"uv": [0, 12, 2, 14], "rotation": 90, "texture": "#0"}
			}
		},
		{
			"from": [15, 0, 4.25],
			"to": [15.5, 0.5, 4.75],
			"rotation": {"angle": 0, "axis": "y", "origin": [8, 0, 8]},
			"faces": {
				"north": {"uv": [8, 4, 10, 6], "texture": "#2"},
				"east": {"uv": [8, 8, 10, 10], "texture": "#2"},
				"south": {"uv": [0, 12, 2, 14], "texture": "#2"},
				"west": {"uv": [4, 8, 6, 10], "texture": "#2"},
				"up": {"uv": [14, 2, 12, 0], "rotation": 270, "texture": "#2"},
				"down": {"uv": [6, 12, 4, 14], "rotation": 90, "texture": "#2"}
			}
		},
		{
			"from": [15, 1.5, 9.75],
			"to": [15.5, 2, 10.25],
			"rotation": {"angle": 0, "axis": "y", "origin": [8, 0, 8]},
			"faces": {
				"north": {"uv": [0, 4, 2, 6], "texture": "#2"},
				"east": {"uv": [4, 0, 6, 2], "texture": "#2"},
				"south": {"uv": [4, 4, 6, 6], "texture": "#2"},
				"west": {"uv": [0, 0, 2, 2], "texture": "#2"},
				"up": {"uv": [2, 10, 0, 8], "rotation": 270, "texture": "#2"},
				"down": {"uv": [10, 0, 8, 2], "rotation": 90, "texture": "#2"}
			}
		},
		{
			"from": [15, 0.75, 12.75],
			"to": [15.5, 1.25, 13.25],
			"rotation": {"angle": 0, "axis": "y", "origin": [8, 0, 8]},
			"faces": {
				"north": {"uv": [12, 0, 14, 2], "texture": "#2"},
				"east": {"uv": [8, 8, 10, 10], "texture": "#2"},
				"south": {"uv": [4, 12, 6, 14], "texture": "#2"},
				"west": {"uv": [4, 8, 6, 10], "texture": "#2"},
				"up": {"uv": [8, 4, 10, 6], "rotation": 270, "texture": "#2"},
				"down": {"uv": [0, 12, 2, 14], "rotation": 90, "texture": "#2"}
			}
		},
		{
			"from": [15, 4, 2.75],
			"to": [15.5, 4.5, 3.25],
			"rotation": {"angle": 0, "axis": "y", "origin": [8, 0, 8]},
			"faces": {
				"north": {"uv": [8, 0, 10, 2], "texture": "#2"},
				"east": {"uv": [4, 0, 6, 2], "texture": "#2"},
				"south": {"uv": [4, 4, 6, 6], "texture": "#2"},
				"west": {"uv": [0, 0, 2, 2], "texture": "#2"},
				"up": {"uv": [0, 4, 2, 6], "rotation": 270, "texture": "#2"},
				"down": {"uv": [0, 8, 2, 10], "rotation": 90, "texture": "#2"}
			}
		},
		{
			"from": [15, 1.5, 1.5],
			"to": [15.5, 2, 2],
			"rotation": {"angle": 0, "axis": "y", "origin": [8, 0, 8]},
			"faces": {
				"north": {"uv": [8, 0, 10, 2], "texture": "#2"},
				"east": {"uv": [4, 0, 6, 2], "texture": "#2"},
				"south": {"uv": [4, 4, 6, 6], "texture": "#2"},
				"west": {"uv": [0, 0, 2, 2], "texture": "#2"},
				"up": {"uv": [0, 4, 2, 6], "rotation": 270, "texture": "#2"},
				"down": {"uv": [0, 8, 2, 10], "rotation": 90, "texture": "#2"}
			}
		},
		{
			"from": [15, 2.5, 4.5],
			"to": [15.75, 3.25, 5.25],
			"rotation": {"angle": 0, "axis": "y", "origin": [8, 0, 8]},
			"faces": {
				"north": {"uv": [0, 12, 2, 14], "texture": "#0"},
				"east": {"uv": [0, 12, 2, 14], "texture": "#0"},
				"south": {"uv": [0, 12, 2, 14], "texture": "#0"},
				"west": {"uv": [0, 14, 2, 16], "texture": "#0"},
				"up": {"uv": [0, 12, 2, 14], "rotation": 270, "texture": "#0"},
				"down": {"uv": [0, 12, 2, 14], "rotation": 90, "texture": "#0"}
			}
		},
		{
			"from": [15, 2.75, 13.75],
			"to": [15.75, 3.5, 14.5],
			"rotation": {"angle": 0, "axis": "y", "origin": [8, 0, 8]},
			"faces": {
				"north": {"uv": [0, 12, 2, 14], "texture": "#0"},
				"east": {"uv": [0, 12, 2, 14], "texture": "#0"},
				"south": {"uv": [0, 12, 2, 14], "texture": "#0"},
				"west": {"uv": [0, 14, 2, 16], "texture": "#0"},
				"up": {"uv": [0, 12, 2, 14], "rotation": 270, "texture": "#0"},
				"down": {"uv": [0, 12, 2, 14], "rotation": 90, "texture": "#0"}
			}
		},
		{
			"from": [15, 1.25, 11.5],
			"to": [15.5, 1.75, 12],
			"rotation": {"angle": 0, "axis": "y", "origin": [8, 0, 8]},
			"faces": {
				"north": {"uv": [8, 0, 10, 2], "texture": "#2"},
				"east": {"uv": [4, 0, 6, 2], "texture": "#2"},
				"south": {"uv": [4, 4, 6, 6], "texture": "#2"},
				"west": {"uv": [0, 0, 2, 2], "texture": "#2"},
				"up": {"uv": [0, 4, 2, 6], "rotation": 270, "texture": "#2"},
				"down": {"uv": [0, 8, 2, 10], "rotation": 90, "texture": "#2"}
			}
		},
		{
			"from": [15, 0.25, 10.75],
			"to": [15.5, 0.75, 11.25],
			"rotation": {"angle": 0, "axis": "y", "origin": [8, 0, 8]},
			"faces": {
				"north": {"uv": [12, 0, 14, 2], "texture": "#2"},
				"east": {"uv": [8, 8, 10, 10], "texture": "#2"},
				"south": {"uv": [4, 12, 6, 14], "texture": "#2"},
				"west": {"uv": [4, 8, 6, 10], "texture": "#2"},
				"up": {"uv": [8, 4, 10, 6], "rotation": 270, "texture": "#2"},
				"down": {"uv": [0, 12, 2, 14], "rotation": 90, "texture": "#2"}
			}
		},
		{
			"from": [15, -1, 11.5],
			"to": [15.5, -0.5, 12],
			"rotation": {"angle": 0, "axis": "y", "origin": [8, 0, 8]},
			"faces": {
				"north": {"uv": [8, 0, 10, 2], "texture": "#2"},
				"east": {"uv": [4, 0, 6, 2], "texture": "#2"},
				"south": {"uv": [4, 4, 6, 6], "texture": "#2"},
				"west": {"uv": [0, 0, 2, 2], "texture": "#2"},
				"up": {"uv": [0, 4, 2, 6], "rotation": 270, "texture": "#2"},
				"down": {"uv": [0, 8, 2, 10], "rotation": 90, "texture": "#2"}
			}
		},
		{
			"from": [15, -0.75, 5.75],
			"to": [15.5, -0.25, 6.25],
			"rotation": {"angle": 0, "axis": "y", "origin": [8, 0, 8]},
			"faces": {
				"north": {"uv": [8, 0, 10, 2], "texture": "#2"},
				"east": {"uv": [4, 0, 6, 2], "texture": "#2"},
				"south": {"uv": [4, 4, 6, 6], "texture": "#2"},
				"west": {"uv": [0, 0, 2, 2], "texture": "#2"},
				"up": {"uv": [0, 4, 2, 6], "rotation": 270, "texture": "#2"},
				"down": {"uv": [0, 8, 2, 10], "rotation": 90, "texture": "#2"}
			}
		},
		{
			"from": [15, 0.25, 5.25],
			"to": [15.5, 0.75, 5.75],
			"rotation": {"angle": 0, "axis": "y", "origin": [8, 0, 8]},
			"faces": {
				"north": {"uv": [8, 0, 10, 2], "texture": "#2"},
				"east": {"uv": [4, 0, 6, 2], "texture": "#2"},
				"south": {"uv": [4, 4, 6, 6], "texture": "#2"},
				"west": {"uv": [0, 0, 2, 2], "texture": "#2"},
				"up": {"uv": [0, 4, 2, 6], "rotation": 270, "texture": "#2"},
				"down": {"uv": [0, 8, 2, 10], "rotation": 90, "texture": "#2"}
			}
		},
		{
			"from": [15, 3.25, 6.5],
			"to": [15.5, 3.75, 7],
			"rotation": {"angle": 0, "axis": "y", "origin": [8, 0, 8]},
			"faces": {
				"north": {"uv": [8, 0, 10, 2], "texture": "#2"},
				"east": {"uv": [4, 0, 6, 2], "texture": "#2"},
				"south": {"uv": [4, 4, 6, 6], "texture": "#2"},
				"west": {"uv": [0, 0, 2, 2], "texture": "#2"},
				"up": {"uv": [0, 4, 2, 6], "rotation": 270, "texture": "#2"},
				"down": {"uv": [0, 8, 2, 10], "rotation": 90, "texture": "#2"}
			}
		},
		{
			"from": [15, 2.25, 8.75],
			"to": [15.5, 2.75, 9.25],
			"rotation": {"angle": 0, "axis": "y", "origin": [8, 0, 8]},
			"faces": {
				"north": {"uv": [8, 0, 10, 2], "texture": "#2"},
				"east": {"uv": [4, 0, 6, 2], "texture": "#2"},
				"south": {"uv": [4, 4, 6, 6], "texture": "#2"},
				"west": {"uv": [0, 0, 2, 2], "texture": "#2"},
				"up": {"uv": [0, 4, 2, 6], "rotation": 270, "texture": "#2"},
				"down": {"uv": [0, 8, 2, 10], "rotation": 90, "texture": "#2"}
			}
		},
		{
			"from": [15, 1.75, 3.75],
			"to": [15.5, 2.25, 4.25],
			"rotation": {"angle": 0, "axis": "y", "origin": [8, 0, 8]},
			"faces": {
				"north": {"uv": [12, 0, 14, 2], "texture": "#2"},
				"east": {"uv": [8, 8, 10, 10], "texture": "#2"},
				"south": {"uv": [4, 12, 6, 14], "texture": "#2"},
				"west": {"uv": [4, 8, 6, 10], "texture": "#2"},
				"up": {"uv": [8, 4, 10, 6], "rotation": 270, "texture": "#2"},
				"down": {"uv": [0, 12, 2, 14], "rotation": 90, "texture": "#2"}
			}
		},
		{
			"from": [15, 2.75, 12.5],
			"to": [15.5, 3.25, 13],
			"rotation": {"angle": 0, "axis": "y", "origin": [8, 0, 8]},
			"faces": {
				"north": {"uv": [8, 0, 10, 2], "texture": "#2"},
				"east": {"uv": [4, 0, 6, 2], "texture": "#2"},
				"south": {"uv": [4, 4, 6, 6], "texture": "#2"},
				"west": {"uv": [0, 0, 2, 2], "texture": "#2"},
				"up": {"uv": [0, 4, 2, 6], "rotation": 270, "texture": "#2"},
				"down": {"uv": [0, 8, 2, 10], "rotation": 90, "texture": "#2"}
			}
		},
		{
			"from": [15, 0.5, 14],
			"to": [15.5, 1, 14.5],
			"rotation": {"angle": 0, "axis": "y", "origin": [8, 0, 8]},
			"faces": {
				"north": {"uv": [8, 0, 10, 2], "texture": "#2"},
				"east": {"uv": [4, 0, 6, 2], "texture": "#2"},
				"south": {"uv": [4, 4, 6, 6], "texture": "#2"},
				"west": {"uv": [0, 0, 2, 2], "texture": "#2"},
				"up": {"uv": [0, 4, 2, 6], "rotation": 270, "texture": "#2"},
				"down": {"uv": [0, 8, 2, 10], "rotation": 90, "texture": "#2"}
			}
		},
		{
			"from": [15, 2, 13.75],
			"to": [15.5, 2.5, 14.25],
			"rotation": {"angle": 0, "axis": "y", "origin": [8, 0, 8]},
			"faces": {
				"north": {"uv": [12, 0, 14, 2], "texture": "#2"},
				"east": {"uv": [8, 8, 10, 10], "texture": "#2"},
				"south": {"uv": [4, 12, 6, 14], "texture": "#2"},
				"west": {"uv": [4, 8, 6, 10], "texture": "#2"},
				"up": {"uv": [8, 4, 10, 6], "rotation": 270, "texture": "#2"},
				"down": {"uv": [0, 12, 2, 14], "rotation": 90, "texture": "#2"}
			}
		},
		{
			"from": [0.25, 2, 11],
			"to": [1, 2.75, 11.75],
			"rotation": {"angle": 0, "axis": "y", "origin": [8, 0, 8]},
			"faces": {
				"north": {"uv": [2, 12, 0, 14], "texture": "#0"},
				"east": {"uv": [2, 14, 0, 16], "texture": "#0"},
				"south": {"uv": [2, 12, 0, 14], "texture": "#0"},
				"west": {"uv": [2, 12, 0, 14], "texture": "#0"},
				"up": {"uv": [0, 14, 2, 12], "rotation": 270, "texture": "#0"},
				"down": {"uv": [0, 14, 2, 12], "rotation": 90, "texture": "#0"}
			}
		},
		{
			"from": [0.5, 0, 4.25],
			"to": [1, 0.5, 4.75],
			"rotation": {"angle": 0, "axis": "y", "origin": [8, 0, 8]},
			"faces": {
				"north": {"uv": [10, 4, 8, 6], "texture": "#2"},
				"east": {"uv": [6, 8, 4, 10], "texture": "#2"},
				"south": {"uv": [2, 12, 0, 14], "texture": "#2"},
				"west": {"uv": [10, 8, 8, 10], "texture": "#2"},
				"up": {"uv": [14, 0, 12, 2], "rotation": 270, "texture": "#2"},
				"down": {"uv": [6, 14, 4, 12], "rotation": 90, "texture": "#2"}
			}
		},
		{
			"from": [0.5, 1.5, 9.75],
			"to": [1, 2, 10.25],
			"rotation": {"angle": 0, "axis": "y", "origin": [8, 0, 8]},
			"faces": {
				"north": {"uv": [2, 4, 0, 6], "texture": "#2"},
				"east": {"uv": [2, 0, 0, 2], "texture": "#2"},
				"south": {"uv": [6, 4, 4, 6], "texture": "#2"},
				"west": {"uv": [6, 0, 4, 2], "texture": "#2"},
				"up": {"uv": [2, 8, 0, 10], "rotation": 270, "texture": "#2"},
				"down": {"uv": [10, 2, 8, 0], "rotation": 90, "texture": "#2"}
			}
		},
		{
			"from": [0.5, 0.75, 12.75],
			"to": [1, 1.25, 13.25],
			"rotation": {"angle": 0, "axis": "y", "origin": [8, 0, 8]},
			"faces": {
				"north": {"uv": [14, 0, 12, 2], "texture": "#2"},
				"east": {"uv": [6, 8, 4, 10], "texture": "#2"},
				"south": {"uv": [6, 12, 4, 14], "texture": "#2"},
				"west": {"uv": [10, 8, 8, 10], "texture": "#2"},
				"up": {"uv": [8, 6, 10, 4], "rotation": 270, "texture": "#2"},
				"down": {"uv": [0, 14, 2, 12], "rotation": 90, "texture": "#2"}
			}
		},
		{
			"from": [0.5, 4, 2.75],
			"to": [1, 4.5, 3.25],
			"rotation": {"angle": 0, "axis": "y", "origin": [8, 0, 8]},
			"faces": {
				"north": {"uv": [10, 0, 8, 2], "texture": "#2"},
				"east": {"uv": [2, 0, 0, 2], "texture": "#2"},
				"south": {"uv": [6, 4, 4, 6], "texture": "#2"},
				"west": {"uv": [6, 0, 4, 2], "texture": "#2"},
				"up": {"uv": [0, 6, 2, 4], "rotation": 270, "texture": "#2"},
				"down": {"uv": [0, 10, 2, 8], "rotation": 90, "texture": "#2"}
			}
		},
		{
			"from": [0.5, 1.5, 1.5],
			"to": [1, 2, 2],
			"rotation": {"angle": 0, "axis": "y", "origin": [8, 0, 8]},
			"faces": {
				"north": {"uv": [10, 0, 8, 2], "texture": "#2"},
				"east": {"uv": [2, 0, 0, 2], "texture": "#2"},
				"south": {"uv": [6, 4, 4, 6], "texture": "#2"},
				"west": {"uv": [6, 0, 4, 2], "texture": "#2"},
				"up": {"uv": [0, 6, 2, 4], "rotation": 270, "texture": "#2"},
				"down": {"uv": [0, 10, 2, 8], "rotation": 90, "texture": "#2"}
			}
		},
		{
			"from": [0.25, 2.5, 4.5],
			"to": [1, 3.25, 5.25],
			"rotation": {"angle": 0, "axis": "y", "origin": [8, 0, 8]},
			"faces": {
				"north": {"uv": [2, 12, 0, 14], "texture": "#0"},
				"east": {"uv": [2, 14, 0, 16], "texture": "#0"},
				"south": {"uv": [2, 12, 0, 14], "texture": "#0"},
				"west": {"uv": [2, 12, 0, 14], "texture": "#0"},
				"up": {"uv": [0, 14, 2, 12], "rotation": 270, "texture": "#0"},
				"down": {"uv": [0, 14, 2, 12], "rotation": 90, "texture": "#0"}
			}
		},
		{
			"from": [0.25, 2.75, 13.75],
			"to": [1, 3.5, 14.5],
			"rotation": {"angle": 0, "axis": "y", "origin": [8, 0, 8]},
			"faces": {
				"north": {"uv": [2, 12, 0, 14], "texture": "#0"},
				"east": {"uv": [2, 14, 0, 16], "texture": "#0"},
				"south": {"uv": [2, 12, 0, 14], "texture": "#0"},
				"west": {"uv": [2, 12, 0, 14], "texture": "#0"},
				"up": {"uv": [0, 14, 2, 12], "rotation": 270, "texture": "#0"},
				"down": {"uv": [0, 14, 2, 12], "rotation": 90, "texture": "#0"}
			}
		},
		{
			"from": [0.5, 1.25, 11.5],
			"to": [1, 1.75, 12],
			"rotation": {"angle": 0, "axis": "y", "origin": [8, 0, 8]},
			"faces": {
				"north": {"uv": [10, 0, 8, 2], "texture": "#2"},
				"east": {"uv": [2, 0, 0, 2], "texture": "#2"},
				"south": {"uv": [6, 4, 4, 6], "texture": "#2"},
				"west": {"uv": [6, 0, 4, 2], "texture": "#2"},
				"up": {"uv": [0, 6, 2, 4], "rotation": 270, "texture": "#2"},
				"down": {"uv": [0, 10, 2, 8], "rotation": 90, "texture": "#2"}
			}
		},
		{
			"from": [0.5, 0.25, 10.75],
			"to": [1, 0.75, 11.25],
			"rotation": {"angle": 0, "axis": "y", "origin": [8, 0, 8]},
			"faces": {
				"north": {"uv": [14, 0, 12, 2], "texture": "#2"},
				"east": {"uv": [6, 8, 4, 10], "texture": "#2"},
				"south": {"uv": [6, 12, 4, 14], "texture": "#2"},
				"west": {"uv": [10, 8, 8, 10], "texture": "#2"},
				"up": {"uv": [8, 6, 10, 4], "rotation": 270, "texture": "#2"},
				"down": {"uv": [0, 14, 2, 12], "rotation": 90, "texture": "#2"}
			}
		},
		{
			"from": [0.5, -1, 11.5],
			"to": [1, -0.5, 12],
			"rotation": {"angle": 0, "axis": "y", "origin": [8, 0, 8]},
			"faces": {
				"north": {"uv": [10, 0, 8, 2], "texture": "#2"},
				"east": {"uv": [2, 0, 0, 2], "texture": "#2"},
				"south": {"uv": [6, 4, 4, 6], "texture": "#2"},
				"west": {"uv": [6, 0, 4, 2], "texture": "#2"},
				"up": {"uv": [0, 6, 2, 4], "rotation": 270, "texture": "#2"},
				"down": {"uv": [0, 10, 2, 8], "rotation": 90, "texture": "#2"}
			}
		},
		{
			"from": [0.5, -0.75, 5.75],
			"to": [1, -0.25, 6.25],
			"rotation": {"angle": 0, "axis": "y", "origin": [8, 0, 8]},
			"faces": {
				"north": {"uv": [10, 0, 8, 2], "texture": "#2"},
				"east": {"uv": [2, 0, 0, 2], "texture": "#2"},
				"south": {"uv": [6, 4, 4, 6], "texture": "#2"},
				"west": {"uv": [6, 0, 4, 2], "texture": "#2"},
				"up": {"uv": [0, 6, 2, 4], "rotation": 270, "texture": "#2"},
				"down": {"uv": [0, 10, 2, 8], "rotation": 90, "texture": "#2"}
			}
		},
		{
			"from": [0.5, 0.25, 5.25],
			"to": [1, 0.75, 5.75],
			"rotation": {"angle": 0, "axis": "y", "origin": [8, 0, 8]},
			"faces": {
				"north": {"uv": [10, 0, 8, 2], "texture": "#2"},
				"east": {"uv": [2, 0, 0, 2], "texture": "#2"},
				"south": {"uv": [6, 4, 4, 6], "texture": "#2"},
				"west": {"uv": [6, 0, 4, 2], "texture": "#2"},
				"up": {"uv": [0, 6, 2, 4], "rotation": 270, "texture": "#2"},
				"down": {"uv": [0, 10, 2, 8], "rotation": 90, "texture": "#2"}
			}
		},
		{
			"from": [0.5, 3.25, 6.5],
			"to": [1, 3.75, 7],
			"rotation": {"angle": 0, "axis": "y", "origin": [8, 0, 8]},
			"faces": {
				"north": {"uv": [10, 0, 8, 2], "texture": "#2"},
				"east": {"uv": [2, 0, 0, 2], "texture": "#2"},
				"south": {"uv": [6, 4, 4, 6], "texture": "#2"},
				"west": {"uv": [6, 0, 4, 2], "texture": "#2"},
				"up": {"uv": [0, 6, 2, 4], "rotation": 270, "texture": "#2"},
				"down": {"uv": [0, 10, 2, 8], "rotation": 90, "texture": "#2"}
			}
		},
		{
			"from": [0.5, 2.25, 8.75],
			"to": [1, 2.75, 9.25],
			"rotation": {"angle": 0, "axis": "y", "origin": [8, 0, 8]},
			"faces": {
				"north": {"uv": [10, 0, 8, 2], "texture": "#2"},
				"east": {"uv": [2, 0, 0, 2], "texture": "#2"},
				"south": {"uv": [6, 4, 4, 6], "texture": "#2"},
				"west": {"uv": [6, 0, 4, 2], "texture": "#2"},
				"up": {"uv": [0, 6, 2, 4], "rotation": 270, "texture": "#2"},
				"down": {"uv": [0, 10, 2, 8], "rotation": 90, "texture": "#2"}
			}
		},
		{
			"from": [0.5, 1.75, 3.75],
			"to": [1, 2.25, 4.25],
			"rotation": {"angle": 0, "axis": "y", "origin": [8, 0, 8]},
			"faces": {
				"north": {"uv": [14, 0, 12, 2], "texture": "#2"},
				"east": {"uv": [6, 8, 4, 10], "texture": "#2"},
				"south": {"uv": [6, 12, 4, 14], "texture": "#2"},
				"west": {"uv": [10, 8, 8, 10], "texture": "#2"},
				"up": {"uv": [8, 6, 10, 4], "rotation": 270, "texture": "#2"},
				"down": {"uv": [0, 14, 2, 12], "rotation": 90, "texture": "#2"}
			}
		},
		{
			"from": [0.5, 2.75, 12.5],
			"to": [1, 3.25, 13],
			"rotation": {"angle": 0, "axis": "y", "origin": [8, 0, 8]},
			"faces": {
				"north": {"uv": [10, 0, 8, 2], "texture": "#2"},
				"east": {"uv": [2, 0, 0, 2], "texture": "#2"},
				"south": {"uv": [6, 4, 4, 6], "texture": "#2"},
				"west": {"uv": [6, 0, 4, 2], "texture": "#2"},
				"up": {"uv": [0, 6, 2, 4], "rotation": 270, "texture": "#2"},
				"down": {"uv": [0, 10, 2, 8], "rotation": 90, "texture": "#2"}
			}
		},
		{
			"from": [0.5, 0.5, 14],
			"to": [1, 1, 14.5],
			"rotation": {"angle": 0, "axis": "y", "origin": [8, 0, 8]},
			"faces": {
				"north": {"uv": [10, 0, 8, 2], "texture": "#2"},
				"east": {"uv": [2, 0, 0, 2], "texture": "#2"},
				"south": {"uv": [6, 4, 4, 6], "texture": "#2"},
				"west": {"uv": [6, 0, 4, 2], "texture": "#2"},
				"up": {"uv": [0, 6, 2, 4], "rotation": 270, "texture": "#2"},
				"down": {"uv": [0, 10, 2, 8], "rotation": 90, "texture": "#2"}
			}
		},
		{
			"from": [0.5, 2, 13.75],
			"to": [1, 2.5, 14.25],
			"rotation": {"angle": 0, "axis": "y", "origin": [8, 0, 8]},
			"faces": {
				"north": {"uv": [14, 0, 12, 2], "texture": "#2"},
				"east": {"uv": [6, 8, 4, 10], "texture": "#2"},
				"south": {"uv": [6, 12, 4, 14], "texture": "#2"},
				"west": {"uv": [10, 8, 8, 10], "texture": "#2"},
				"up": {"uv": [8, 6, 10, 4], "rotation": 270, "texture": "#2"},
				"down": {"uv": [0, 14, 2, 12], "rotation": 90, "texture": "#2"}
			}
		},
		{
			"from": [0.01816, 0.6064, 8.20208],
			"to": [0.86936, 1.4576, 8.2872],
			"rotation": {"angle": -22.5, "axis": "y", "origin": [0.44376, 1.032, 8.7128]},
			"faces": {
				"north": {"uv": [4, 4, 8, 8], "texture": "#0"},
				"east": {"uv": [0, 0, 4, 4], "texture": "#0"},
				"south": {"uv": [0, 4, 4, 8], "texture": "#0"},
				"west": {"uv": [4, 0, 8, 4], "texture": "#0"},
				"up": {"uv": [4, 12, 0, 8], "rotation": 90, "texture": "#0"},
				"down": {"uv": [12, 0, 8, 4], "rotation": 270, "texture": "#0"}
			}
		},
		{
			"from": [0.01816, 0.6064, 9.05328],
			"to": [0.86936, 1.4576, 9.1384],
			"rotation": {"angle": 22.5, "axis": "y", "origin": [0.44376, 1.032, 8.7128]},
			"faces": {
				"north": {"uv": [4, 4, 8, 8], "texture": "#0"},
				"east": {"uv": [0, 0, 4, 4], "texture": "#0"},
				"south": {"uv": [0, 4, 4, 8], "texture": "#0"},
				"west": {"uv": [4, 0, 8, 4], "texture": "#0"},
				"up": {"uv": [4, 12, 0, 8], "rotation": 90, "texture": "#0"},
				"down": {"uv": [12, 0, 8, 4], "rotation": 270, "texture": "#0"}
			}
		},
		{
			"from": [0.0456, 1.35895, 8.24788],
			"to": [0.8968, 1.44407, 9.09908],
			"rotation": {"angle": -22.5, "axis": "z", "origin": [0.60663, 1.032, 8.67348]},
			"faces": {
				"north": {"uv": [12, 0, 8, 4], "rotation": 90, "texture": "#0"},
				"east": {"uv": [0, 0, 4, 4], "rotation": 270, "texture": "#0"},
				"south": {"uv": [4, 12, 0, 8], "rotation": 90, "texture": "#0"},
				"west": {"uv": [4, 0, 8, 4], "rotation": 90, "texture": "#0"},
				"up": {"uv": [4, 4, 8, 8], "rotation": 180, "texture": "#0"},
				"down": {"uv": [0, 4, 4, 8], "texture": "#0"}
			}
		},
		{
			"from": [0.01551, 0.6324, 8.24788],
			"to": [0.86671, 0.71752, 9.09908],
			"rotation": {"angle": 22.5, "axis": "z", "origin": [0.60663, 1.032, 8.67348]},
			"faces": {
				"north": {"uv": [12, 0, 8, 4], "rotation": 90, "texture": "#0"},
				"east": {"uv": [0, 0, 4, 4], "rotation": 270, "texture": "#0"},
				"south": {"uv": [4, 12, 0, 8], "rotation": 90, "texture": "#0"},
				"west": {"uv": [4, 0, 8, 4], "rotation": 90, "texture": "#0"},
				"up": {"uv": [4, 4, 8, 8], "rotation": 180, "texture": "#0"},
				"down": {"uv": [0, 4, 4, 8], "texture": "#0"}
			}
		},
		{
			"from": [0.57144, 0.8192, 8.45744],
			"to": [0.99704, 1.2448, 8.88304],
			"rotation": {"angle": 0, "axis": "z", "origin": [0.65656, 1.032, 8.67024]},
			"faces": {
				"north": {"uv": [0, 14, 2, 16], "texture": "#0"},
				"east": {"uv": [0, 12, 2, 14], "texture": "#0"},
				"south": {"uv": [0, 14, 2, 16], "texture": "#0"},
				"west": {"uv": [0, 12, 2, 14], "texture": "#0"},
				"up": {"uv": [0, 14, 2, 16], "rotation": 90, "texture": "#0"},
				"down": {"uv": [0, 14, 2, 16], "rotation": 270, "texture": "#0"}
			}
		},
		{
			"from": [15.12144, 4.68874, 8.97242],
			"to": [15.75133, 5.31862, 9.0354],
			"rotation": {"angle": -22.5, "axis": "y", "origin": [15.43638, 5.00368, 8.65747]},
			"faces": {
				"north": {"uv": [0, 4, 4, 8], "texture": "#0"},
				"east": {"uv": [4, 0, 8, 4], "texture": "#0"},
				"south": {"uv": [4, 4, 8, 8], "texture": "#0"},
				"west": {"uv": [0, 0, 4, 4], "texture": "#0"},
				"up": {"uv": [4, 12, 0, 8], "rotation": 270, "texture": "#0"},
				"down": {"uv": [12, 0, 8, 4], "rotation": 90, "texture": "#0"}
			}
		},
		{
			"from": [15.12144, 4.68874, 8.34253],
			"to": [15.75133, 5.31862, 8.40552],
			"rotation": {"angle": 22.5, "axis": "y", "origin": [15.43638, 5.00368, 8.65747]},
			"faces": {
				"north": {"uv": [0, 4, 4, 8], "texture": "#0"},
				"east": {"uv": [4, 0, 8, 4], "texture": "#0"},
				"south": {"uv": [4, 4, 8, 8], "texture": "#0"},
				"west": {"uv": [0, 0, 4, 4], "texture": "#0"},
				"up": {"uv": [4, 12, 0, 8], "rotation": 270, "texture": "#0"},
				"down": {"uv": [12, 0, 8, 4], "rotation": 90, "texture": "#0"}
			}
		},
		{
			"from": [15.10113, 5.24562, 8.37163],
			"to": [15.73102, 5.30861, 9.00151],
			"rotation": {"angle": 22.5, "axis": "z", "origin": [15.31586, 5.00368, 8.68657]},
			"faces": {
				"north": {"uv": [4, 12, 0, 8], "rotation": 90, "texture": "#0"},
				"east": {"uv": [4, 0, 8, 4], "rotation": 90, "texture": "#0"},
				"south": {"uv": [12, 0, 8, 4], "rotation": 90, "texture": "#0"},
				"west": {"uv": [0, 0, 4, 4], "rotation": 270, "texture": "#0"},
				"up": {"uv": [4, 4, 8, 8], "texture": "#0"},
				"down": {"uv": [0, 4, 4, 8], "rotation": 180, "texture": "#0"}
			}
		},
		{
			"from": [15.1234, 4.70798, 8.37163],
			"to": [15.75329, 4.77097, 9.00151],
			"rotation": {"angle": -22.5, "axis": "z", "origin": [15.31586, 5.00368, 8.68657]},
			"faces": {
				"north": {"uv": [4, 12, 0, 8], "rotation": 90, "texture": "#0"},
				"east": {"uv": [4, 0, 8, 4], "rotation": 90, "texture": "#0"},
				"south": {"uv": [12, 0, 8, 4], "rotation": 90, "texture": "#0"},
				"west": {"uv": [0, 0, 4, 4], "rotation": 270, "texture": "#0"},
				"up": {"uv": [4, 4, 8, 8], "texture": "#0"},
				"down": {"uv": [0, 4, 4, 8], "rotation": 180, "texture": "#0"}
			}
		},
		{
			"from": [15.02696, 4.84621, 8.53149],
			"to": [15.3419, 5.16115, 8.84644],
			"rotation": {"angle": 0, "axis": "z", "origin": [15.27891, 5.00368, 8.68897]},
			"faces": {
				"north": {"uv": [0, 14, 2, 16], "texture": "#0"},
				"east": {"uv": [0, 12, 2, 14], "texture": "#0"},
				"south": {"uv": [0, 14, 2, 16], "texture": "#0"},
				"west": {"uv": [0, 12, 2, 14], "texture": "#0"},
				"up": {"uv": [0, 14, 2, 16], "rotation": 270, "texture": "#0"},
				"down": {"uv": [0, 14, 2, 16], "rotation": 90, "texture": "#0"}
			}
		}
	],
	"display": {
		"thirdperson_righthand": {
			"translation": [0, 0, -4],
			"scale": [0.45117, 0.45117, 0.45117]
		},
		"thirdperson_lefthand": {
			"translation": [0, 0, -4],
			"scale": [0.45117, 0.45117, 0.45117]
		},
		"firstperson_righthand": {
			"translation": [4.25, 2.25, -5.5],
			"scale": [0.57227, 0.57227, 0.57227]
		},
		"firstperson_lefthand": {
			"translation": [4.25, 2.25, -5.5],
			"scale": [0.57227, 0.57227, 0.57227]
		},
		"ground": {
			"translation": [0, 2, 0],
			"scale": [0.54492, 0.54492, 0.54492]
		},
		"gui": {
			"rotation": [20, -26, 0],
			"translation": [0, 5, 0],
			"scale": [0.80859, 0.80859, 0.80859]
		},
		"head": {
			"translation": [0, 7, 0],
			"scale": [1.03906, 1.03906, 1.03906]
		},
		"fixed": {
			"rotation": [-90, 0, 0],
			"translation": [0, 0, -13.5],
			"scale": [1.36523, 1.36523, 1.36523]
		}
	},
	"groups": [
		{
			"name": "Flower",
			"origin": [7.9, 1, 15.5],
			"color": 0,
			"children": [0, 1, 2, 3, 4]
		},
		{
			"name": "Flower",
			"origin": [7.9, 1, 15.5],
			"color": 0,
			"children": [5, 6, 7, 8, 9]
		},
		{
			"name": "Flower",
			"origin": [7.9, 1, 15.5],
			"color": 0,
			"children": [10, 11, 12, 13, 14]
		},
		{
			"name": "Flower",
			"origin": [7.9, 1, 15.5],
			"color": 0,
			"children": [15, 16, 17, 18, 19]
		},
		{
			"name": "small balls",
			"origin": [0, 0, 0],
			"color": 0,
			"children": [20, 21, 22, 23, 24, 25, 26, 27, 28, 29, 30, 31, 32, 33, 34, 35, 36]
		},
		{
			"name": "bIG BaLLs",
			"origin": [0, 0, 0],
			"color": 0,
			"children": [37, 38, 39, 40, 41]
		},
		42,
		{
			"name": "Sides",
			"origin": [0, 0, 0],
			"color": 0,
			"children": [43, 44, 45, 46, 47, 48, 49, 50, 51, 52, 53, 54, 55, 56, 57, 58, 59, 60, 61]
		},
		{
			"name": "Sides",
			"origin": [0, 0, 0],
			"color": 0,
			"children": [62, 63, 64, 65, 66, 67, 68, 69, 70, 71, 72, 73, 74, 75, 76, 77, 78, 79, 80]
		},
		{
			"name": "Flower",
			"origin": [7.9, 1, 15.5],
			"color": 0,
			"children": [81, 82, 83, 84, 85]
		},
		{
			"name": "Flower",
			"origin": [7.9, 1, 15.5],
			"color": 0,
			"children": [86, 87, 88, 89, 90]
		}
	]
}