{
	"credit": "Made with Blockbench",
	"texture_size": [32, 32],
	"textures": {
		"0": "hat_textures/flower_crown_texture",
		"particle": "hat_textures/flower_crown_texture"
	},
	"elements": [
		{
			"from": [0, 0, 0],
			"to": [16, 6, 16],
			"faces": {
				"north": {"uv": [8, 0, 16, 3], "texture": "#0"},
				"east": {"uv": [8, 3, 16, 6], "texture": "#0"},
				"south": {"uv": [8, 6, 16, 9], "texture": "#0"},
				"west": {"uv": [8, 9, 16, 12], "texture": "#0"},
				"up": {"uv": [8, 8, 0, 0], "texture": "#0"},
				"down": {"uv": [8, 8, 0, 16], "texture": "#0"}
			}
		}
	],
	"display": {
		"thirdperson_righthand": {
			"translation": [0, 3.75, 0],
			"scale": [0.40625, 0.40625, 0.40625]
		},
		"thirdperson_lefthand": {
			"translation": [0, 3.75, 0],
			"scale": [0.40625, 0.40625, 0.40625]
		},
		"firstperson_righthand": {
			"translation": [-0.5, 3.5, 0],
			"scale": [0.33984, 0.33398, 0.33984]
		},
		"firstperson_lefthand": {
			"translation": [-0.5, 3.5, 0],
			"scale": [0.33984, 0.33398, 0.33984]
		},
		"ground": {
			"translation": [0, 1.5, 0],
			"scale": [0.62695, 0.62695, 0.62695]
		},
		"gui": {
			"rotation": [20, 154, 0],
			"translation": [0, 3.5, 0],
			"scale": [0.71484, 0.71484, 0.71484]
		},
		"head": {
			"translation": [0, 7.75, 0],
			"scale": [0.94531, 0.94531, 0.94531]
		},
		"fixed": {
			"rotation": [-90, 0, 0],
			"translation": [0, 0, -13],
			"scale": [1.61328, 1.61328, 1.61328]
		}
	}
}