{
	"credit": "Made with Blockbench",
	"textures": {
		"0": "hat_textures/lilypad_texture",
		"particle": "hat_textures/lilypad_texture"
	},
	"elements": [
		{
			"from": [2, 0, 8],
			"to": [14, 2, 14],
			"faces": {
				"north": {"uv": [0, 0, 12, 2], "texture": "#0"},
				"east": {"uv": [0, 0, 6, 2], "texture": "#0"},
				"south": {"uv": [0, 0, 10, 2], "texture": "#0"},
				"west": {"uv": [0, 0, 6, 2], "texture": "#0"},
				"up": {"uv": [0, 10, 12, 16], "texture": "#0"},
				"down": {"uv": [0, 16, 12, 10], "texture": "#0"}
			}
		},
		{
			"from": [8.5, 0, 2],
			"to": [14, 2, 8],
			"faces": {
				"north": {"uv": [0, 0, 5.5, 2], "texture": "#0"},
				"east": {"uv": [0, 0, 6, 2], "texture": "#0"},
				"south": {"uv": [0, 0, 5.5, 2], "texture": "#0"},
				"west": {"uv": [0, 0, 6, 2], "texture": "#0"},
				"up": {"uv": [16, 0, 10.5, 6], "texture": "#0"},
				"down": {"uv": [16, 6, 10.5, 0], "texture": "#0"}
			}
		},
		{
			"from": [2, 0, 2],
			"to": [7.5, 2, 8],
			"faces": {
				"north": {"uv": [0, 0, 5.5, 2], "texture": "#0"},
				"east": {"uv": [0, 0, 6, 2], "texture": "#0"},
				"south": {"uv": [0, 0, 5.5, 2], "texture": "#0"},
				"west": {"uv": [0, 0, 6, 2], "texture": "#0"},
				"up": {"uv": [10.5, 0, 16, 6], "texture": "#0"},
				"down": {"uv": [10.5, 6, 16, 0], "texture": "#0"}
			}
		},
		{
			"from": [8.5, 0, 1],
			"to": [13, 2, 2],
			"faces": {
				"north": {"uv": [0, 0, 4.5, 2], "texture": "#0"},
				"east": {"uv": [0, 0, 1, 2], "texture": "#0"},
				"south": {"uv": [0, 0, 4.5, 2], "texture": "#0"},
				"west": {"uv": [0, 0, 1, 2], "texture": "#0"},
				"up": {"uv": [0, 0, 4.5, 1], "texture": "#0"},
				"down": {"uv": [0, 0, 4.5, 1], "texture": "#0"}
			}
		},
		{
			"from": [3, 0, 1],
			"to": [7.5, 2, 2],
			"faces": {
				"north": {"uv": [0, 0, 4.5, 2], "texture": "#0"},
				"east": {"uv": [0, 0, 1, 2], "texture": "#0"},
				"south": {"uv": [0, 0, 4.5, 2], "texture": "#0"},
				"west": {"uv": [0, 0, 1, 2], "texture": "#0"},
				"up": {"uv": [0, 0, 4.5, 1], "texture": "#0"},
				"down": {"uv": [0, 0, 4.5, 1], "texture": "#0"}
			}
		},
		{
			"from": [1, 0, 3],
			"to": [2, 2, 13],
			"rotation": {"angle": 0, "axis": "y", "origin": [8, 0, 8]},
			"faces": {
				"north": {"uv": [0, 0, 1, 2], "texture": "#0"},
				"east": {"uv": [0, 0, 10, 2], "texture": "#0"},
				"south": {"uv": [0, 0, 1, 2], "texture": "#0"},
				"west": {"uv": [0, 0, 10, 2], "texture": "#0"},
				"up": {"uv": [0, 0, 10, 1], "rotation": 270, "texture": "#0"},
				"down": {"uv": [0, 0, 10, 1], "rotation": 90, "texture": "#0"}
			}
		},
		{
			"from": [3, 0, 14],
			"to": [13, 2, 15],
			"rotation": {"angle": 0, "axis": "y", "origin": [8, 0, 8]},
			"faces": {
				"north": {"uv": [0, 0, 10, 2], "texture": "#0"},
				"east": {"uv": [0, 0, 1, 2], "texture": "#0"},
				"south": {"uv": [0, 0, 10, 2], "texture": "#0"},
				"west": {"uv": [0, 0, 1, 2], "texture": "#0"},
				"up": {"uv": [0, 9, 10, 10], "rotation": 180, "texture": "#0"},
				"down": {"uv": [0, 9, 10, 10], "rotation": 180, "texture": "#0"}
			}
		},
		{
			"from": [14, 0, 3],
			"to": [15, 2, 13],
			"rotation": {"angle": 0, "axis": "y", "origin": [8, 0, 8]},
			"faces": {
				"north": {"uv": [0, 0, 1, 2], "texture": "#0"},
				"east": {"uv": [0, 0, 10, 2], "texture": "#0"},
				"south": {"uv": [0, 0, 1, 2], "texture": "#0"},
				"west": {"uv": [0, 0, 10, 2], "texture": "#0"},
				"up": {"uv": [0, 0, 10, 1], "rotation": 90, "texture": "#0"},
				"down": {"uv": [0, 0, 10, 1], "rotation": 270, "texture": "#0"}
			}
		}
	],
	"display": {
		"thirdperson_righthand": {
			"translation": [-0.5, 4.25, 0],
			"scale": [0.5332, 0.5332, 0.5332]
		},
		"thirdperson_lefthand": {
			"translation": [-0.5, 4.25, 0],
			"scale": [0.5332, 0.5332, 0.5332]
		},
		"firstperson_righthand": {
			"translation": [0.5, 4, 1],
			"scale": [0.46289, 0.46289, 0.46289]
		},
		"firstperson_lefthand": {
			"translation": [0.5, 4, 1],
			"scale": [0.46289, 0.46289, 0.46289]
		},
		"ground": {
			"translation": [0, 4.25, 0]
		},
		"gui": {
			"rotation": [45, 146, 0],
			"translation": [0, 4.75, 0],
			"scale": [0.89453, 0.89453, 0.89453]
		},
		"head": {
			"translation": [0, 13.75, -2.75],
			"scale": [2.11523, 0.92578, 2.11523]
		},
		"fixed": {
			"rotation": [90, 0, 0],
			"translation": [0, 0, 12.25],
			"scale": [1.85547, 1.85547, 1.85547]
		}
	}
}