{
	"credit": "Made with Blockbench",
	"texture_size": [64, 64],
	"textures": {
		"0": "hat_textures/merc_crown_texture",
		"particle": "hat_textures/merc_crown_texture"
	},
	"elements": [
		{
			"from": [7.55, -3.6, -0.3],
			"to": [8.45, 7, 1],
			"faces": {
				"north": {"uv": [0, 5, 0.25, 7.625], "texture": "#0"},
				"east": {"uv": [0.25, 5, 0.5, 7.625], "texture": "#0"},
				"south": {"uv": [0.5, 5, 0.75, 7.625], "texture": "#0"},
				"west": {"uv": [0.75, 5, 1, 7.625], "texture": "#0"},
				"up": {"uv": [6, 5, 5.75, 4.75], "texture": "#0"},
				"down": {"uv": [8.75, 1.25, 8.5, 1.5], "texture": "#0"}
			}
		},
		{
			"from": [8.45, -3, -0.2],
			"to": [9.35, 5, 1],
			"faces": {
				"north": {"uv": [6.25, 1.5, 6.5, 3.5], "texture": "#0"},
				"east": {"uv": [6.25, 4.75, 6.5, 6.75], "texture": "#0"},
				"south": {"uv": [1, 6.5, 1.25, 8.5], "texture": "#0"},
				"west": {"uv": [1.25, 6.5, 1.5, 8.5], "texture": "#0"},
				"up": {"uv": [8.75, 2, 8.5, 1.75], "texture": "#0"},
				"down": {"uv": [9, 1.25, 8.75, 1.5], "texture": "#0"}
			}
		},
		{
			"from": [6.65, -3, -0.2],
			"to": [7.55, 5, 1],
			"faces": {
				"north": {"uv": [1.5, 6.5, 1.75, 8.5], "texture": "#0"},
				"east": {"uv": [6.5, 1.5, 6.75, 3.5], "texture": "#0"},
				"south": {"uv": [1.75, 6.5, 2, 8.5], "texture": "#0"},
				"west": {"uv": [2, 6.5, 2.25, 8.5], "texture": "#0"},
				"up": {"uv": [9, 2, 8.75, 1.75], "texture": "#0"},
				"down": {"uv": [1.75, 9.75, 1.5, 10], "texture": "#0"}
			}
		},
		{
			"from": [7.75, -2.2, -0.4],
			"to": [8.25, 4.2, 0],
			"faces": {
				"north": {"uv": [0.25, 9.25, 0.375, 10.875], "texture": "#0"},
				"east": {"uv": [9.5, 5.5, 9.5625, 7.125], "texture": "#0"},
				"south": {"uv": [0.5, 9.25, 0.625, 10.875], "texture": "#0"},
				"west": {"uv": [5.75, 9.5, 5.8125, 11.125], "texture": "#0"},
				"up": {"uv": [10.125, 3.3125, 10, 3.25], "texture": "#0"},
				"down": {"uv": [10.125, 3.5, 10, 3.5625], "texture": "#0"}
			}
		},
		{
			"from": [7.35, -1.9, -0.4],
			"to": [7.75, 3.2, 0],
			"faces": {
				"north": {"uv": [0.75, 9.25, 0.875, 10.5], "texture": "#0"},
				"east": {"uv": [6.75, 9.5, 6.8125, 10.75], "texture": "#0"},
				"south": {"uv": [9.25, 2.75, 9.375, 4], "texture": "#0"},
				"west": {"uv": [9.5, 7.25, 9.5625, 8.5], "texture": "#0"},
				"up": {"uv": [10.125, 3.8125, 10, 3.75], "texture": "#0"},
				"down": {"uv": [10.125, 4, 10, 4.0625], "texture": "#0"}
			}
		},
		{
			"from": [8.25, -1.9, -0.4],
			"to": [8.65, 3.2, 0],
			"faces": {
				"north": {"uv": [9.25, 4, 9.375, 5.25], "texture": "#0"},
				"east": {"uv": [8.25, 9.5, 8.3125, 10.75], "texture": "#0"},
				"south": {"uv": [9.25, 5.25, 9.375, 6.5], "texture": "#0"},
				"west": {"uv": [9.5, 8.5, 9.5625, 9.75], "texture": "#0"},
				"up": {"uv": [10.125, 4.3125, 10, 4.25], "texture": "#0"},
				"down": {"uv": [10.125, 4.5, 10, 4.5625], "texture": "#0"}
			}
		},
		{
			"from": [7.6, 0.5, -0.55],
			"to": [8.6, 1.5, -0.05],
			"rotation": {"angle": 45, "axis": "z", "origin": [8, 0.9, 0]},
			"faces": {
				"north": {"uv": [1.75, 9.75, 2, 10], "texture": "#0"},
				"east": {"uv": [10, 0.5, 10.0625, 0.75], "texture": "#0"},
				"south": {"uv": [2, 9.75, 2.25, 10], "texture": "#0"},
				"west": {"uv": [10, 0.75, 10.0625, 1], "texture": "#0"},
				"up": {"uv": [10.25, 1.0625, 10, 1], "texture": "#0"},
				"down": {"uv": [1.75, 10, 1.5, 10.0625], "texture": "#0"}
			}
		},
		{
			"from": [0.55, 0.25, -0.1],
			"to": [7.65, 2.5, 1],
			"rotation": {"angle": -22.5, "axis": "z", "origin": [1, 1, 0]},
			"faces": {
				"north": {"uv": [0, 0, 1.9375, 0.5625], "texture": "#0"},
				"east": {"uv": [9, 9.25, 9.25, 9.8125], "texture": "#0"},
				"south": {"uv": [0, 0.75, 1.9375, 1.3125], "texture": "#0"},
				"west": {"uv": [0, 9.5, 0.25, 10.0625], "texture": "#0"},
				"up": {"uv": [8.9375, 2.25, 7, 2], "texture": "#0"},
				"down": {"uv": [8.9375, 2.25, 7, 2.5], "texture": "#0"}
			}
		},
		{
			"from": [5, 2.45, 0],
			"to": [6.75, 6.15, 1],
			"rotation": {"angle": -22.5, "axis": "z", "origin": [1, 1, 0]},
			"faces": {
				"north": {"uv": [5.75, 1.5, 6.1875, 2.5625], "texture": "#0"},
				"east": {"uv": [9, 6.75, 9.25, 7.8125], "texture": "#0"},
				"south": {"uv": [7, 4, 7.4375, 5.0625], "texture": "#0"},
				"west": {"uv": [9, 8, 9.25, 9.0625], "texture": "#0"},
				"up": {"uv": [4.9375, 4.25, 4.5, 4], "texture": "#0"},
				"down": {"uv": [4.9375, 4.25, 4.5, 4.5], "texture": "#0"}
			}
		},
		{
			"from": [0.55, -1.25, 0],
			"to": [4.75, 1, 1],
			"rotation": {"angle": 0, "axis": "z", "origin": [1, 1, 0]},
			"faces": {
				"north": {"uv": [1, 5, 2.0625, 5.5625], "texture": "#0"},
				"east": {"uv": [9.5, 0, 9.75, 0.5625], "texture": "#0"},
				"south": {"uv": [2.25, 5, 3.3125, 5.5625], "texture": "#0"},
				"west": {"uv": [2.25, 9.5, 2.5, 10.0625], "texture": "#0"},
				"up": {"uv": [8.3125, 2, 7.25, 1.75], "texture": "#0"},
				"down": {"uv": [8.8125, 1.5, 7.75, 1.75], "texture": "#0"}
			}
		},
		{
			"from": [8.4347, -0.87967, -0.1],
			"to": [16.1347, 1.37033, 1],
			"rotation": {"angle": 22.5, "axis": "z", "origin": [12.2847, 0.04533, 0.5]},
			"faces": {
				"north": {"uv": [0, 1.5, 1.9375, 2.0625], "texture": "#0"},
				"east": {"uv": [2.5, 9.5, 2.75, 10.0625], "texture": "#0"},
				"south": {"uv": [2, 0, 3.9375, 0.5625], "texture": "#0"},
				"west": {"uv": [2.75, 9.5, 3, 10.0625], "texture": "#0"},
				"up": {"uv": [8.9375, 2.75, 7, 2.5], "texture": "#0"},
				"down": {"uv": [8.9375, 2.75, 7, 3], "texture": "#0"}
			}
		},
		{
			"from": [8.3, 0.55, 0],
			"to": [10.05, 4.35, 1],
			"rotation": {"angle": 22.5, "axis": "z", "origin": [9.875, 2.55, 0.5]},
			"faces": {
				"north": {"uv": [7, 5.25, 7.4375, 6.3125], "texture": "#0"},
				"east": {"uv": [8.5, 9, 8.75, 10.0625], "texture": "#0"},
				"south": {"uv": [7, 6.5, 7.4375, 7.5625], "texture": "#0"},
				"west": {"uv": [9.25, 0, 9.5, 1.0625], "texture": "#0"},
				"up": {"uv": [5.6875, 5, 5.25, 4.75], "texture": "#0"},
				"down": {"uv": [6.1875, 2.75, 5.75, 3], "texture": "#0"}
			}
		},
		{
			"from": [11.65, -1.25, 0],
			"to": [15.85, 1, 1],
			"rotation": {"angle": 0, "axis": "y", "origin": [1, 1, 0]},
			"faces": {
				"north": {"uv": [3.5, 5, 4.5625, 5.5625], "texture": "#0"},
				"east": {"uv": [9.5, 2.75, 9.75, 3.3125], "texture": "#0"},
				"south": {"uv": [4.75, 5, 5.8125, 5.5625], "texture": "#0"},
				"west": {"uv": [3, 9.5, 3.25, 10.0625], "texture": "#0"},
				"up": {"uv": [10.3125, 1.5, 9.25, 1.25], "texture": "#0"},
				"down": {"uv": [10.3125, 1.5, 9.25, 1.75], "texture": "#0"}
			}
		},
		{
			"from": [-0.25, -4, -0.2],
			"to": [0.25, 5, 1],
			"rotation": {"angle": 0, "axis": "y", "origin": [0, -1, 0]},
			"faces": {
				"north": {"uv": [8.75, 7.75, 8.875, 10], "texture": "#0"},
				"east": {"uv": [2.25, 5.75, 2.5, 8], "texture": "#0"},
				"south": {"uv": [9, 0, 9.125, 2.25], "texture": "#0"},
				"west": {"uv": [2.5, 5.75, 2.75, 8], "texture": "#0"},
				"up": {"uv": [9.875, 9.75, 9.75, 9.5], "texture": "#0"},
				"down": {"uv": [9.875, 9.75, 9.75, 10], "texture": "#0"}
			}
		},
		{
			"from": [0.25, -5, -0.2],
			"to": [1.15, 3, 1],
			"rotation": {"angle": 0, "axis": "y", "origin": [0, -1, 0]},
			"faces": {
				"north": {"uv": [6.5, 3.5, 6.75, 5.5], "texture": "#0"},
				"east": {"uv": [6.5, 5.5, 6.75, 7.5], "texture": "#0"},
				"south": {"uv": [6.75, 0, 7, 2], "texture": "#0"},
				"west": {"uv": [6.75, 2, 7, 4], "texture": "#0"},
				"up": {"uv": [10, 3, 9.75, 2.75], "texture": "#0"},
				"down": {"uv": [10, 3, 9.75, 3.25], "texture": "#0"}
			}
		},
		{
			"from": [-0.55, -2, 0],
			"to": [-0.25, 3, 1],
			"rotation": {"angle": 0, "axis": "y", "origin": [0, -1, 0]},
			"faces": {
				"north": {"uv": [9.25, 9.5, 9.3125, 10.75], "texture": "#0"},
				"east": {"uv": [8.25, 7, 8.5, 8.25], "texture": "#0"},
				"south": {"uv": [9.75, 0, 9.8125, 1.25], "texture": "#0"},
				"west": {"uv": [8.25, 8.25, 8.5, 9.5], "texture": "#0"},
				"up": {"uv": [1.8125, 10.25, 1.75, 10], "texture": "#0"},
				"down": {"uv": [2.0625, 10, 2, 10.25], "texture": "#0"}
			}
		},
		{
			"from": [1.1, -6.8, 0],
			"to": [2.1, -1.2, 1],
			"faces": {
				"north": {"uv": [5.5, 8, 5.75, 9.375], "texture": "#0"},
				"east": {"uv": [8, 5.5, 8.25, 6.875], "texture": "#0"},
				"south": {"uv": [5.75, 8, 6, 9.375], "texture": "#0"},
				"west": {"uv": [6.75, 8, 7, 9.375], "texture": "#0"},
				"up": {"uv": [10, 3.5, 9.75, 3.25], "texture": "#0"},
				"down": {"uv": [10, 3.5, 9.75, 3.75], "texture": "#0"}
			}
		},
		{
			"from": [16.05, -4, -0.2],
			"to": [16.55, 5, 1],
			"rotation": {"angle": 0, "axis": "y", "origin": [0.15, -0.25, 0.5]},
			"faces": {
				"north": {"uv": [9, 2.25, 9.125, 4.5], "texture": "#0"},
				"east": {"uv": [2.75, 5.75, 3, 8], "texture": "#0"},
				"south": {"uv": [9, 4.5, 9.125, 6.75], "texture": "#0"},
				"west": {"uv": [3, 5.75, 3.25, 8], "texture": "#0"},
				"up": {"uv": [10.125, 0.25, 10, 0], "texture": "#0"},
				"down": {"uv": [10.125, 0.25, 10, 0.5], "texture": "#0"}
			}
		},
		{
			"from": [15.15, -5, -0.2],
			"to": [16.05, 3, 1],
			"rotation": {"angle": 0, "axis": "y", "origin": [0.15, -0.25, 0.5]},
			"faces": {
				"north": {"uv": [6.75, 4, 7, 6], "texture": "#0"},
				"east": {"uv": [6.75, 6, 7, 8], "texture": "#0"},
				"south": {"uv": [6.25, 6.75, 6.5, 8.75], "texture": "#0"},
				"west": {"uv": [7, 0, 7.25, 2], "texture": "#0"},
				"up": {"uv": [10, 4, 9.75, 3.75], "texture": "#0"},
				"down": {"uv": [10, 4, 9.75, 4.25], "texture": "#0"}
			}
		},
		{
			"from": [16.55, -2, 0],
			"to": [16.85, 3, 1],
			"rotation": {"angle": 0, "axis": "y", "origin": [0.15, -0.25, 0.5]},
			"faces": {
				"north": {"uv": [1, 9.75, 1.0625, 11], "texture": "#0"},
				"east": {"uv": [8.5, 0, 8.75, 1.25], "texture": "#0"},
				"south": {"uv": [1.25, 9.75, 1.3125, 11], "texture": "#0"},
				"west": {"uv": [1, 8.5, 1.25, 9.75], "texture": "#0"},
				"up": {"uv": [10.0625, 3, 10, 2.75], "texture": "#0"},
				"down": {"uv": [10.0625, 3, 10, 3.25], "texture": "#0"}
			}
		},
		{
			"from": [14.2, -6.8, 0],
			"to": [15.2, -1.2, 1],
			"faces": {
				"north": {"uv": [8, 7, 8.25, 8.375], "texture": "#0"},
				"east": {"uv": [8.25, 0, 8.5, 1.375], "texture": "#0"},
				"south": {"uv": [8.25, 4, 8.5, 5.375], "texture": "#0"},
				"west": {"uv": [8.25, 5.5, 8.5, 6.875], "texture": "#0"},
				"up": {"uv": [10, 4.5, 9.75, 4.25], "texture": "#0"},
				"down": {"uv": [10, 4.5, 9.75, 4.75], "texture": "#0"}
			}
		},
		{
			"from": [-0.3, -3.6, 7.55],
			"to": [1, 5, 8.45],
			"rotation": {"angle": 0, "axis": "y", "origin": [8, 0, 8]},
			"faces": {
				"north": {"uv": [3.25, 5.75, 3.5, 7.875], "texture": "#0"},
				"east": {"uv": [3.5, 5.75, 3.75, 7.875], "texture": "#0"},
				"south": {"uv": [3.75, 5.75, 4, 7.875], "texture": "#0"},
				"west": {"uv": [4, 5.75, 4.25, 7.875], "texture": "#0"},
				"up": {"uv": [10, 5, 9.75, 4.75], "texture": "#0"},
				"down": {"uv": [10, 5, 9.75, 5.25], "texture": "#0"}
			}
		},
		{
			"from": [-0.2, -2, 6.65],
			"to": [1, 3, 7.55],
			"rotation": {"angle": 0, "axis": "y", "origin": [8, 0, 8]},
			"faces": {
				"north": {"uv": [1.25, 8.5, 1.5, 9.75], "texture": "#0"},
				"east": {"uv": [1.5, 8.5, 1.75, 9.75], "texture": "#0"},
				"south": {"uv": [1.75, 8.5, 2, 9.75], "texture": "#0"},
				"west": {"uv": [2, 8.5, 2.25, 9.75], "texture": "#0"},
				"up": {"uv": [10, 5.5, 9.75, 5.25], "texture": "#0"},
				"down": {"uv": [10, 5.5, 9.75, 5.75], "texture": "#0"}
			}
		},
		{
			"from": [-0.2, -2, 8.45],
			"to": [1, 3, 9.35],
			"rotation": {"angle": 0, "axis": "y", "origin": [8, 0, 8]},
			"faces": {
				"north": {"uv": [8.5, 4, 8.75, 5.25], "texture": "#0"},
				"east": {"uv": [8.5, 5.25, 8.75, 6.5], "texture": "#0"},
				"south": {"uv": [8.5, 6.5, 8.75, 7.75], "texture": "#0"},
				"west": {"uv": [7.75, 8.5, 8, 9.75], "texture": "#0"},
				"up": {"uv": [10, 6, 9.75, 5.75], "texture": "#0"},
				"down": {"uv": [10, 6, 9.75, 6.25], "texture": "#0"}
			}
		},
		{
			"from": [0, -0.05, 0.5],
			"to": [1, 1.75, 7.5],
			"rotation": {"angle": 22.5, "axis": "x", "origin": [0, 1.5, 4]},
			"faces": {
				"north": {"uv": [5, 4, 5.25, 4.4375], "texture": "#0"},
				"east": {"uv": [4, 1.5, 5.75, 1.9375], "texture": "#0"},
				"south": {"uv": [6.25, 3.5, 6.5, 3.9375], "texture": "#0"},
				"west": {"uv": [4, 2, 5.75, 2.4375], "texture": "#0"},
				"up": {"uv": [6.25, 8.75, 6, 7], "texture": "#0"},
				"down": {"uv": [7.5, 0, 7.25, 1.75], "texture": "#0"}
			}
		},
		{
			"from": [-0.1, -1.25, 0.95],
			"to": [1, 1.3, 6.65],
			"rotation": {"angle": 0, "axis": "y", "origin": [8, 0, 8]},
			"faces": {
				"north": {"uv": [6.5, 9.25, 6.75, 9.875], "texture": "#0"},
				"east": {"uv": [0, 3, 1.4375, 3.625], "texture": "#0"},
				"south": {"uv": [9.25, 6.5, 9.5, 7.125], "texture": "#0"},
				"west": {"uv": [1.5, 3, 2.9375, 3.625], "texture": "#0"},
				"up": {"uv": [7.5, 9.1875, 7.25, 7.75], "texture": "#0"},
				"down": {"uv": [8.25, 0, 8, 1.4375], "texture": "#0"}
			}
		},
		{
			"from": [0, -0.00052, 8.65126],
			"to": [1, 1.79948, 15.65126],
			"rotation": {"angle": -22.5, "axis": "x", "origin": [0.5, 0.89948, 12.15126]},
			"faces": {
				"north": {"uv": [9.5, 0.75, 9.75, 1.1875], "texture": "#0"},
				"east": {"uv": [4, 2.5, 5.75, 2.9375], "texture": "#0"},
				"south": {"uv": [4.75, 9.5, 5, 9.9375], "texture": "#0"},
				"west": {"uv": [0, 4.5, 1.75, 4.9375], "texture": "#0"},
				"up": {"uv": [7.75, 1.75, 7.5, 0], "texture": "#0"},
				"down": {"uv": [7.75, 4, 7.5, 5.75], "texture": "#0"}
			}
		},
		{
			"from": [-0.1, -1.25, 9.35],
			"to": [1, 1.3, 15.05],
			"rotation": {"angle": 0, "axis": "y", "origin": [8, 0, 16.4]},
			"faces": {
				"north": {"uv": [7, 9.25, 7.25, 9.875], "texture": "#0"},
				"east": {"uv": [3, 3, 4.4375, 3.625], "texture": "#0"},
				"south": {"uv": [7.25, 9.25, 7.5, 9.875], "texture": "#0"},
				"west": {"uv": [0, 3.75, 1.4375, 4.375], "texture": "#0"},
				"up": {"uv": [2.5, 9.4375, 2.25, 8], "texture": "#0"},
				"down": {"uv": [2.75, 8, 2.5, 9.4375], "texture": "#0"}
			}
		},
		{
			"from": [15.3, -3.6, 7.55],
			"to": [16.6, 5, 8.45],
			"rotation": {"angle": 0, "axis": "y", "origin": [23.3, 0, 8]},
			"faces": {
				"north": {"uv": [4.25, 5.75, 4.5, 7.875], "texture": "#0"},
				"east": {"uv": [4.5, 5.75, 4.75, 7.875], "texture": "#0"},
				"south": {"uv": [4.75, 5.75, 5, 7.875], "texture": "#0"},
				"west": {"uv": [5, 5.75, 5.25, 7.875], "texture": "#0"},
				"up": {"uv": [10, 6.5, 9.75, 6.25], "texture": "#0"},
				"down": {"uv": [10, 6.5, 9.75, 6.75], "texture": "#0"}
			}
		},
		{
			"from": [15.3, -2, 6.65],
			"to": [16.5, 3, 7.55],
			"rotation": {"angle": 0, "axis": "y", "origin": [23.3, 0, 8]},
			"faces": {
				"north": {"uv": [8.5, 7.75, 8.75, 9], "texture": "#0"},
				"east": {"uv": [8, 8.5, 8.25, 9.75], "texture": "#0"},
				"south": {"uv": [8.75, 0, 9, 1.25], "texture": "#0"},
				"west": {"uv": [8.75, 4, 9, 5.25], "texture": "#0"},
				"up": {"uv": [10, 7, 9.75, 6.75], "texture": "#0"},
				"down": {"uv": [10, 7, 9.75, 7.25], "texture": "#0"}
			}
		},
		{
			"from": [15.3, -2, 8.45],
			"to": [16.5, 3, 9.35],
			"rotation": {"angle": 0, "axis": "y", "origin": [23.3, 0, 8]},
			"faces": {
				"north": {"uv": [8.75, 5.25, 9, 6.5], "texture": "#0"},
				"east": {"uv": [6, 8.75, 6.25, 10], "texture": "#0"},
				"south": {"uv": [6.25, 8.75, 6.5, 10], "texture": "#0"},
				"west": {"uv": [8.75, 6.5, 9, 7.75], "texture": "#0"},
				"up": {"uv": [10, 7.5, 9.75, 7.25], "texture": "#0"},
				"down": {"uv": [10, 7.5, 9.75, 7.75], "texture": "#0"}
			}
		},
		{
			"from": [15.3, -0.05, 0.5],
			"to": [16.3, 1.75, 7.5],
			"rotation": {"angle": 22.5, "axis": "x", "origin": [15.3, 1.5, 4]},
			"faces": {
				"north": {"uv": [5, 9.5, 5.25, 9.9375], "texture": "#0"},
				"east": {"uv": [1.75, 4.5, 3.5, 4.9375], "texture": "#0"},
				"south": {"uv": [9.5, 5, 9.75, 5.4375], "texture": "#0"},
				"west": {"uv": [4.5, 3, 6.25, 3.4375], "texture": "#0"},
				"up": {"uv": [7.75, 7.5, 7.5, 5.75], "texture": "#0"},
				"down": {"uv": [6.75, 7.5, 6.5, 9.25], "texture": "#0"}
			}
		},
		{
			"from": [15.3, -1.25, 0.95],
			"to": [16.4, 1.3, 6.65],
			"rotation": {"angle": 0, "axis": "y", "origin": [23.3, 0, 8]},
			"faces": {
				"north": {"uv": [9.25, 7.25, 9.5, 7.875], "texture": "#0"},
				"east": {"uv": [1.5, 3.75, 2.9375, 4.375], "texture": "#0"},
				"south": {"uv": [7.5, 9.25, 7.75, 9.875], "texture": "#0"},
				"west": {"uv": [3, 3.75, 4.4375, 4.375], "texture": "#0"},
				"up": {"uv": [3, 9.4375, 2.75, 8], "texture": "#0"},
				"down": {"uv": [3.25, 8, 3, 9.4375], "texture": "#0"}
			}
		},
		{
			"from": [15.3, -0.00052, 8.65126],
			"to": [16.3, 1.79948, 15.65126],
			"rotation": {"angle": -22.5, "axis": "x", "origin": [15.8, 0.89948, 12.15126]},
			"faces": {
				"north": {"uv": [5.25, 9.5, 5.5, 9.9375], "texture": "#0"},
				"east": {"uv": [3.5, 4.5, 5.25, 4.9375], "texture": "#0"},
				"south": {"uv": [5.5, 9.5, 5.75, 9.9375], "texture": "#0"},
				"west": {"uv": [4.5, 3.5, 6.25, 3.9375], "texture": "#0"},
				"up": {"uv": [7.75, 9.25, 7.5, 7.5], "texture": "#0"},
				"down": {"uv": [0.25, 7.75, 0, 9.5], "texture": "#0"}
			}
		},
		{
			"from": [15.3, -1.25, 9.35],
			"to": [16.4, 1.3, 15.05],
			"rotation": {"angle": 0, "axis": "y", "origin": [23.3, 0, 16.4]},
			"faces": {
				"north": {"uv": [9.25, 8, 9.5, 8.625], "texture": "#0"},
				"east": {"uv": [4, 0, 5.4375, 0.625], "texture": "#0"},
				"south": {"uv": [9.25, 8.75, 9.5, 9.375], "texture": "#0"},
				"west": {"uv": [4, 0.75, 5.4375, 1.375], "texture": "#0"},
				"up": {"uv": [3.5, 9.4375, 3.25, 8], "texture": "#0"},
				"down": {"uv": [3.75, 8, 3.5, 9.4375], "texture": "#0"}
			}
		},
		{
			"from": [7.55, -3.6, 15],
			"to": [8.45, 5, 16.3],
			"rotation": {"angle": 0, "axis": "y", "origin": [8, 0, 7.7]},
			"faces": {
				"north": {"uv": [5.25, 5.75, 5.5, 7.875], "texture": "#0"},
				"east": {"uv": [5.5, 5.75, 5.75, 7.875], "texture": "#0"},
				"south": {"uv": [5.75, 5.75, 6, 7.875], "texture": "#0"},
				"west": {"uv": [6, 4.75, 6.25, 6.875], "texture": "#0"},
				"up": {"uv": [8, 10, 7.75, 9.75], "texture": "#0"},
				"down": {"uv": [10, 7.75, 9.75, 8], "texture": "#0"}
			}
		},
		{
			"from": [8.45, -3, 15],
			"to": [9.35, 3, 16.2],
			"rotation": {"angle": 0, "axis": "y", "origin": [8, 0, 7.7]},
			"faces": {
				"north": {"uv": [7.75, 0, 8, 1.5], "texture": "#0"},
				"east": {"uv": [0.25, 7.75, 0.5, 9.25], "texture": "#0"},
				"south": {"uv": [0.5, 7.75, 0.75, 9.25], "texture": "#0"},
				"west": {"uv": [0.75, 7.75, 1, 9.25], "texture": "#0"},
				"up": {"uv": [8.25, 10, 8, 9.75], "texture": "#0"},
				"down": {"uv": [10, 8, 9.75, 8.25], "texture": "#0"}
			}
		},
		{
			"from": [6.65, -3, 15],
			"to": [7.55, 3, 16.2],
			"rotation": {"angle": 0, "axis": "y", "origin": [8, 0, 7.7]},
			"faces": {
				"north": {"uv": [7.75, 4, 8, 5.5], "texture": "#0"},
				"east": {"uv": [7.75, 5.5, 8, 7], "texture": "#0"},
				"south": {"uv": [7, 7.75, 7.25, 9.25], "texture": "#0"},
				"west": {"uv": [7.75, 7, 8, 8.5], "texture": "#0"},
				"up": {"uv": [10, 8.5, 9.75, 8.25], "texture": "#0"},
				"down": {"uv": [10, 8.5, 9.75, 8.75], "texture": "#0"}
			}
		},
		{
			"from": [0.35, 0.25, 15],
			"to": [8.05, 2.5, 16.1],
			"rotation": {"angle": -22.5, "axis": "z", "origin": [1, 1, 15]},
			"faces": {
				"north": {"uv": [2, 0.75, 3.9375, 1.3125], "texture": "#0"},
				"east": {"uv": [3.25, 9.5, 3.5, 10.0625], "texture": "#0"},
				"south": {"uv": [2, 1.5, 3.9375, 2.0625], "texture": "#0"},
				"west": {"uv": [3.5, 9.5, 3.75, 10.0625], "texture": "#0"},
				"up": {"uv": [8.9375, 3.25, 7, 3], "texture": "#0"},
				"down": {"uv": [8.9375, 3.25, 7, 3.5], "texture": "#0"}
			}
		},
		{
			"from": [0.55, -1.25, 15],
			"to": [4.75, 1, 16],
			"rotation": {"angle": 0, "axis": "y", "origin": [1, 1, 15]},
			"faces": {
				"north": {"uv": [5.25, 4, 6.3125, 4.5625], "texture": "#0"},
				"east": {"uv": [9.5, 3.5, 9.75, 4.0625], "texture": "#0"},
				"south": {"uv": [5.5, 0, 6.5625, 0.5625], "texture": "#0"},
				"west": {"uv": [3.75, 9.5, 4, 10.0625], "texture": "#0"},
				"up": {"uv": [10.3125, 2, 9.25, 1.75], "texture": "#0"},
				"down": {"uv": [10.3125, 2, 9.25, 2.25], "texture": "#0"}
			}
		},
		{
			"from": [8.4347, -0.87967, 15],
			"to": [16.1347, 1.37033, 16.1],
			"rotation": {"angle": 22.5, "axis": "z", "origin": [12.2847, 0.04533, 15.5]},
			"faces": {
				"north": {"uv": [0, 2.25, 1.9375, 2.8125], "texture": "#0"},
				"east": {"uv": [4, 9.5, 4.25, 10.0625], "texture": "#0"},
				"south": {"uv": [2, 2.25, 3.9375, 2.8125], "texture": "#0"},
				"west": {"uv": [4.25, 9.5, 4.5, 10.0625], "texture": "#0"},
				"up": {"uv": [8.9375, 3.75, 7, 3.5], "texture": "#0"},
				"down": {"uv": [8.9375, 3.75, 7, 4], "texture": "#0"}
			}
		},
		{
			"from": [11.65, -1.25, 15],
			"to": [15.85, 1, 16],
			"rotation": {"angle": 0, "axis": "y", "origin": [1, 1, 15]},
			"faces": {
				"north": {"uv": [5.5, 0.75, 6.5625, 1.3125], "texture": "#0"},
				"east": {"uv": [9.5, 4.25, 9.75, 4.8125], "texture": "#0"},
				"south": {"uv": [1, 5.75, 2.0625, 6.3125], "texture": "#0"},
				"west": {"uv": [4.5, 9.5, 4.75, 10.0625], "texture": "#0"},
				"up": {"uv": [10.3125, 2.5, 9.25, 2.25], "texture": "#0"},
				"down": {"uv": [10.3125, 2.5, 9.25, 2.75], "texture": "#0"}
			}
		},
		{
			"from": [-0.2, -2, 15],
			"to": [1, 3.8, 16.2],
			"faces": {
				"north": {"uv": [3.75, 8, 4, 9.4375], "texture": "#0"},
				"east": {"uv": [4, 8, 4.25, 9.4375], "texture": "#0"},
				"south": {"uv": [8, 4, 8.25, 5.4375], "texture": "#0"},
				"west": {"uv": [4.25, 8, 4.5, 9.4375], "texture": "#0"},
				"up": {"uv": [10, 9, 9.75, 8.75], "texture": "#0"},
				"down": {"uv": [10, 9, 9.75, 9.25], "texture": "#0"}
			}
		},
		{
			"from": [15.3, -2, 15],
			"to": [16.5, 3.8, 16.2],
			"faces": {
				"north": {"uv": [4.5, 8, 4.75, 9.4375], "texture": "#0"},
				"east": {"uv": [4.75, 8, 5, 9.4375], "texture": "#0"},
				"south": {"uv": [5, 8, 5.25, 9.4375], "texture": "#0"},
				"west": {"uv": [5.25, 8, 5.5, 9.4375], "texture": "#0"},
				"up": {"uv": [10, 9.5, 9.75, 9.25], "texture": "#0"},
				"down": {"uv": [9.75, 9.75, 9.5, 10], "texture": "#0"}
			}
		}
	],
	"display": {
		"thirdperson_righthand": {
			"translation": [0, 5, -3.25],
			"scale": [0.60742, 0.60742, 0.60742]
		},
		"thirdperson_lefthand": {
			"translation": [0, 5, -3.25],
			"scale": [0.60742, 0.60742, 0.60742]
		},
		"firstperson_righthand": {
			"translation": [0, 6.5, 1.25],
			"scale": [0.54883, 0.54883, 0.54883]
		},
		"firstperson_lefthand": {
			"translation": [0, 6.5, 1.25],
			"scale": [0.54883, 0.54883, 0.54883]
		},
		"ground": {
			"translation": [0, 6.5, 0],
			"scale": [0.70898, 0.70898, 0.70898]
		},
		"gui": {
			"rotation": [20, 149, 0],
			"translation": [0.25, 6, 0],
			"scale": [0.6875, 0.6875, 0.6875]
		},
		"head": {
			"translation": [0, 10.25, 0],
			"scale": [0.96875, 0.96875, 0.96875]
		},
		"fixed": {
			"rotation": [-90, 0, 0],
			"translation": [0, 0, -24.5],
			"scale": [1.70703, 1.70703, 1.70703]
		}
	},
	"groups": [
		{
			"name": "Whole",
			"origin": [8, 8, 8],
			"color": 0,
			"children": [
				{
					"name": "North",
					"origin": [8, 8, 8],
					"color": 0,
					"children": [
						{
							"name": "group",
							"origin": [0, 0, 0],
							"color": 0,
							"children": [0, 1, 2]
						},
						{
							"name": "group",
							"origin": [0, 0, 0],
							"color": 0,
							"children": [3, 4, 5]
						},
						6,
						{
							"name": "group",
							"origin": [8, 2, 0],
							"color": 0,
							"children": [
								7,
								8,
								9,
								{
									"name": "group",
									"origin": [8, 2, 0],
									"color": 0,
									"children": [10, 11, 12]
								}
							]
						},
						{
							"name": "group",
							"origin": [0, 0, 0],
							"color": 0,
							"children": [
								13,
								14,
								15,
								16,
								{
									"name": "group",
									"origin": [0, 0, 0],
									"color": 0,
									"children": [17, 18, 19, 20]
								}
							]
						}
					]
				},
				{
					"name": "West",
					"origin": [8, 8, 8],
					"color": 0,
					"children": [
						{
							"name": "group",
							"origin": [0, 0, 0],
							"color": 0,
							"children": [21, 22, 23]
						},
						24,
						25,
						26,
						27
					]
				},
				{
					"name": "East",
					"origin": [8, 8, 8],
					"color": 0,
					"children": [
						{
							"name": "group",
							"origin": [0, 0, 0],
							"color": 0,
							"children": [28, 29, 30]
						},
						31,
						32,
						33,
						34
					]
				},
				{
					"name": "South",
					"origin": [8, 8, 8],
					"color": 0,
					"children": [
						{
							"name": "group",
							"origin": [0, 0, 0],
							"color": 0,
							"children": [35, 36, 37]
						},
						{
							"name": "group",
							"origin": [8, 2, 0],
							"color": 0,
							"children": [
								38,
								39,
								{
									"name": "group",
									"origin": [8, 2, 0],
									"color": 0,
									"children": [40, 41]
								}
							]
						}
					]
				},
				42,
				43
			]
		}
	]
}