{
	"credit": "Made with Blockbench",
	"texture_size": [32, 32],
	"textures": {
		"0": "hat_textures/mushroom_texture",
		"1": "hat_textures/mushroom_2_texture",
		"particle": "hat_textures/mushroom_texture"
	},
	"elements": [
		{
			"from": [3, 0, 1],
			"to": [15, 3, 3],
			"faces": {
				"north": {"uv": [6, 2.5, 9, 3.25], "texture": "#0"},
				"east": {"uv": [6.25, 11, 6.75, 11.75], "texture": "#0"},
				"south": {"uv": [5, 6, 8, 6.75], "texture": "#0"},
				"west": {"uv": [6.75, 11, 7.25, 11.75], "texture": "#0"},
				"up": {"uv": [6.25, 8.5, 3.25, 8], "texture": "#0"},
				"down": {"uv": [11, 6, 8, 6.5], "texture": "#0"}
			}
		},
		{
			"from": [1, 0, 1],
			"to": [3, 3, 13],
			"rotation": {"angle": 0, "axis": "y", "origin": [8, 0, 8]},
			"faces": {
				"north": {"uv": [7.25, 11, 7.75, 11.75], "texture": "#0"},
				"east": {"uv": [0, 6.5, 3, 7.25], "texture": "#0"},
				"south": {"uv": [7.75, 11, 8.25, 11.75], "texture": "#0"},
				"west": {"uv": [3, 6.75, 6, 7.5], "texture": "#0"},
				"up": {"uv": [6.75, 11, 6.25, 8], "texture": "#0"},
				"down": {"uv": [7.25, 8, 6.75, 11], "texture": "#0"}
			}
		},
		{
			"from": [13, 0, 3],
			"to": [15, 3, 15],
			"rotation": {"angle": 0, "axis": "y", "origin": [8, 0, 8]},
			"faces": {
				"north": {"uv": [11.25, 0.5, 11.75, 1.25], "texture": "#0"},
				"east": {"uv": [6, 6.75, 9, 7.5], "texture": "#0"},
				"south": {"uv": [11.25, 1.25, 11.75, 2], "texture": "#0"},
				"west": {"uv": [7, 3.25, 10, 4], "texture": "#0"},
				"up": {"uv": [7.75, 11, 7.25, 8], "texture": "#0"},
				"down": {"uv": [8.25, 8, 7.75, 11], "texture": "#0"}
			}
		},
		{
			"from": [1, 0, 13],
			"to": [13, 3, 15],
			"rotation": {"angle": 0, "axis": "y", "origin": [8, 0, 8]},
			"faces": {
				"north": {"uv": [7, 4, 10, 4.75], "texture": "#0"},
				"east": {"uv": [2.25, 11.25, 2.75, 12], "texture": "#0"},
				"south": {"uv": [7, 4.75, 10, 5.5], "texture": "#0"},
				"west": {"uv": [2.75, 11.25, 3.25, 12], "texture": "#0"},
				"up": {"uv": [11.25, 8.5, 8.25, 8], "texture": "#0"},
				"down": {"uv": [3, 8.5, 0, 9], "texture": "#0"}
			}
		},
		{
			"from": [1, 3, 2],
			"to": [2, 5, 14],
			"rotation": {"angle": 0, "axis": "y", "origin": [8, 0, 8]},
			"faces": {
				"north": {"uv": [7.5, 11.75, 7.75, 12.25], "texture": "#0"},
				"east": {"uv": [3, 8.5, 6, 9], "texture": "#0"},
				"south": {"uv": [7.75, 11.75, 8, 12.25], "texture": "#0"},
				"west": {"uv": [8.25, 8.5, 11.25, 9], "texture": "#0"},
				"up": {"uv": [6.25, 11.5, 6, 8.5], "texture": "#0"},
				"down": {"uv": [5.75, 9.5, 5.5, 12.5], "texture": "#0"}
			}
		},
		{
			"from": [14, 3, 2],
			"to": [15, 5, 14],
			"rotation": {"angle": 0, "axis": "y", "origin": [8, 0, 8]},
			"faces": {
				"north": {"uv": [8, 11.75, 8.25, 12.25], "texture": "#0"},
				"east": {"uv": [0, 9, 3, 9.5], "texture": "#0"},
				"south": {"uv": [10.5, 11.75, 10.75, 12.25], "texture": "#0"},
				"west": {"uv": [9, 2.5, 12, 3], "texture": "#0"},
				"up": {"uv": [6, 12.5, 5.75, 9.5], "texture": "#0"},
				"down": {"uv": [2.25, 10.5, 2, 13.5], "texture": "#0"}
			}
		},
		{
			"from": [2, 3, 1],
			"to": [14, 5, 15],
			"rotation": {"angle": 0, "axis": "y", "origin": [8, 0, 8]},
			"faces": {
				"north": {"uv": [3, 9, 6, 9.5], "texture": "#0"},
				"east": {"uv": [7, 5.5, 10.5, 6], "texture": "#0"},
				"south": {"uv": [9, 6.5, 12, 7], "texture": "#0"},
				"west": {"uv": [0, 7.5, 3.5, 8], "texture": "#0"},
				"up": {"uv": [3, 3.5, 0, 0], "texture": "#0"},
				"down": {"uv": [6, 0, 3, 3.5], "texture": "#0"}
			}
		},
		{
			"from": [2, 5, 3],
			"to": [3, 6, 13],
			"rotation": {"angle": 0, "axis": "y", "origin": [8, 0, 8]},
			"faces": {
				"north": {"uv": [6, 3.25, 6.25, 3.5], "texture": "#0"},
				"east": {"uv": [10.5, 5.5, 13, 5.75], "texture": "#0"},
				"south": {"uv": [6.25, 3.25, 6.5, 3.5], "texture": "#0"},
				"west": {"uv": [10.5, 5.75, 13, 6], "texture": "#0"},
				"up": {"uv": [5.5, 13, 5.25, 10.5], "texture": "#0"},
				"down": {"uv": [8.5, 10.5, 8.25, 13], "texture": "#0"}
			}
		},
		{
			"from": [13, 5, 3],
			"to": [14, 6, 13],
			"rotation": {"angle": 0, "axis": "y", "origin": [8, 0, 8]},
			"faces": {
				"north": {"uv": [6.5, 3.25, 6.75, 3.5], "texture": "#0"},
				"east": {"uv": [8.5, 10.5, 11, 10.75], "texture": "#0"},
				"south": {"uv": [6.75, 3.25, 7, 3.5], "texture": "#0"},
				"west": {"uv": [2.25, 10.75, 4.75, 11], "texture": "#0"},
				"up": {"uv": [5, 13.25, 4.75, 10.75], "texture": "#0"},
				"down": {"uv": [5.25, 10.75, 5, 13.25], "texture": "#0"}
			}
		},
		{
			"from": [3, 5, 2],
			"to": [13, 6, 14],
			"rotation": {"angle": 0, "axis": "y", "origin": [8, 0, 8]},
			"faces": {
				"north": {"uv": [8.5, 10.75, 11, 11], "texture": "#0"},
				"east": {"uv": [0, 7.25, 3, 7.5], "texture": "#0"},
				"south": {"uv": [2.25, 11, 4.75, 11.25], "texture": "#0"},
				"west": {"uv": [2.25, 10.5, 5.25, 10.75], "texture": "#0"},
				"up": {"uv": [2.5, 6.5, 0, 3.5], "texture": "#0"},
				"down": {"uv": [5, 3.5, 2.5, 6.5], "texture": "#0"}
			}
		},
		{
			"from": [3, 6, 4],
			"to": [4, 6.7, 12],
			"rotation": {"angle": 0, "axis": "y", "origin": [8, 0, 8]},
			"faces": {
				"north": {"uv": [8, 6.5, 8.25, 6.625], "texture": "#0"},
				"east": {"uv": [3, 6.5, 5, 6.625], "texture": "#0"},
				"south": {"uv": [8.25, 6.5, 8.5, 6.625], "texture": "#0"},
				"west": {"uv": [11.75, 0.5, 13.75, 0.625], "texture": "#0"},
				"up": {"uv": [0.25, 13, 0, 11], "texture": "#0"},
				"down": {"uv": [0.5, 11, 0.25, 13], "texture": "#0"}
			}
		},
		{
			"from": [12, 6, 4],
			"to": [13, 6.7, 12],
			"rotation": {"angle": 0, "axis": "y", "origin": [8, 0, 8]},
			"faces": {
				"north": {"uv": [8.5, 6.5, 8.75, 6.625], "texture": "#0"},
				"east": {"uv": [11.75, 0.75, 13.75, 0.875], "texture": "#0"},
				"south": {"uv": [8.75, 6.5, 9, 6.625], "texture": "#0"},
				"west": {"uv": [11.75, 1, 13.75, 1.125], "texture": "#0"},
				"up": {"uv": [0.75, 13, 0.5, 11], "texture": "#0"},
				"down": {"uv": [1, 11, 0.75, 13], "texture": "#0"}
			}
		},
		{
			"from": [4, 6, 3],
			"to": [12, 6.7, 13],
			"rotation": {"angle": 0, "axis": "y", "origin": [8, 0, 8]},
			"faces": {
				"north": {"uv": [11.75, 1.25, 13.75, 1.375], "texture": "#0"},
				"east": {"uv": [8.5, 11.25, 11, 11.375], "texture": "#0"},
				"south": {"uv": [11.75, 1.5, 13.75, 1.625], "texture": "#0"},
				"west": {"uv": [11.25, 8.5, 13.75, 8.625], "texture": "#0"},
				"up": {"uv": [7, 6, 5, 3.5], "texture": "#0"},
				"down": {"uv": [8, 0, 6, 2.5], "texture": "#0"}
			}
		},
		{
			"from": [1.6, 0, 0.3],
			"to": [14.4, 2, 1],
			"faces": {
				"north": {"uv": [3.5, 7.5, 6.75, 8], "texture": "#0"},
				"east": {"uv": [10.75, 11.75, 10.875, 12.25], "texture": "#0"},
				"south": {"uv": [6.75, 7.5, 10, 8], "texture": "#0"},
				"west": {"uv": [11, 11.75, 11.125, 12.25], "texture": "#0"},
				"up": {"uv": [14.25, 10.875, 11, 10.75], "texture": "#0"},
				"down": {"uv": [14.25, 11, 11, 11.125], "texture": "#0"}
			}
		},
		{
			"from": [0.3, 0, 1.6],
			"to": [1, 2, 14.4],
			"rotation": {"angle": 0, "axis": "y", "origin": [8, 0, 8]},
			"faces": {
				"north": {"uv": [11.25, 11.75, 11.375, 12.25], "texture": "#0"},
				"east": {"uv": [0, 8, 3.25, 8.5], "texture": "#0"},
				"south": {"uv": [11.5, 11.75, 11.625, 12.25], "texture": "#0"},
				"west": {"uv": [8, 0, 11.25, 0.5], "texture": "#0"},
				"up": {"uv": [1.125, 14.25, 1, 11], "texture": "#0"},
				"down": {"uv": [1.375, 11, 1.25, 14.25], "texture": "#0"}
			}
		},
		{
			"from": [1.6, 0, 15],
			"to": [14.4, 2, 15.7],
			"rotation": {"angle": 0, "axis": "y", "origin": [8, 0, 8]},
			"faces": {
				"north": {"uv": [8, 0.5, 11.25, 1], "texture": "#0"},
				"east": {"uv": [11.75, 11.75, 11.875, 12.25], "texture": "#0"},
				"south": {"uv": [8, 1, 11.25, 1.5], "texture": "#0"},
				"west": {"uv": [2.25, 12, 2.375, 12.5], "texture": "#0"},
				"up": {"uv": [14.5, 0.125, 11.25, 0], "texture": "#0"},
				"down": {"uv": [14.5, 0.25, 11.25, 0.375], "texture": "#0"}
			}
		},
		{
			"from": [15, 0, 1.6],
			"to": [15.7, 2, 14.4],
			"rotation": {"angle": 0, "axis": "y", "origin": [8, 0, 8]},
			"faces": {
				"north": {"uv": [2.5, 12, 2.625, 12.5], "texture": "#0"},
				"east": {"uv": [8, 1.5, 11.25, 2], "texture": "#0"},
				"south": {"uv": [12, 2.5, 12.125, 3], "texture": "#0"},
				"west": {"uv": [8, 2, 11.25, 2.5], "texture": "#0"},
				"up": {"uv": [1.625, 14.25, 1.5, 11], "texture": "#0"},
				"down": {"uv": [1.875, 11, 1.75, 14.25], "texture": "#0"}
			}
		},
		{
			"from": [2.6, 2, 0.3],
			"to": [13.4, 4, 1],
			"faces": {
				"north": {"uv": [9, 7, 11.75, 7.5], "texture": "#0"},
				"east": {"uv": [2.75, 12, 2.875, 12.5], "texture": "#0"},
				"south": {"uv": [8.25, 9, 11, 9.5], "texture": "#0"},
				"west": {"uv": [3, 12, 3.125, 12.5], "texture": "#0"},
				"up": {"uv": [14, 2.125, 11.25, 2], "texture": "#0"},
				"down": {"uv": [14, 2.25, 11.25, 2.375], "texture": "#0"}
			}
		},
		{
			"from": [0.3, 2, 2.6],
			"to": [1, 4, 13.4],
			"rotation": {"angle": 0, "axis": "y", "origin": [8, 0, 8]},
			"faces": {
				"north": {"uv": [12, 3.5, 12.125, 4], "texture": "#0"},
				"east": {"uv": [0, 9.5, 2.75, 10], "texture": "#0"},
				"south": {"uv": [12, 4, 12.125, 4.5], "texture": "#0"},
				"west": {"uv": [2.75, 9.5, 5.5, 10], "texture": "#0"},
				"up": {"uv": [3.375, 14, 3.25, 11.25], "texture": "#0"},
				"down": {"uv": [3.625, 11.25, 3.5, 14], "texture": "#0"}
			}
		},
		{
			"from": [2.6, 2, 15],
			"to": [13.4, 4, 15.7],
			"rotation": {"angle": 0, "axis": "y", "origin": [8, 0, 8]},
			"faces": {
				"north": {"uv": [8.25, 9.5, 11, 10], "texture": "#0"},
				"east": {"uv": [12, 4.5, 12.125, 5], "texture": "#0"},
				"south": {"uv": [0, 10, 2.75, 10.5], "texture": "#0"},
				"west": {"uv": [12, 5, 12.125, 5.5], "texture": "#0"},
				"up": {"uv": [14, 8.125, 11.25, 8], "texture": "#0"},
				"down": {"uv": [14, 8.25, 11.25, 8.375], "texture": "#0"}
			}
		},
		{
			"from": [15, 2, 2.6],
			"to": [15.7, 4, 13.4],
			"rotation": {"angle": 0, "axis": "y", "origin": [8, 0, 8]},
			"faces": {
				"north": {"uv": [12, 6.5, 12.125, 7], "texture": "#0"},
				"east": {"uv": [2.75, 10, 5.5, 10.5], "texture": "#0"},
				"south": {"uv": [12, 7.5, 12.125, 8], "texture": "#0"},
				"west": {"uv": [10, 3, 12.75, 3.5], "texture": "#0"},
				"up": {"uv": [3.875, 14, 3.75, 11.25], "texture": "#0"},
				"down": {"uv": [4.125, 11.25, 4, 14], "texture": "#0"}
			}
		},
		{
			"from": [3, 0, -0.2],
			"to": [13, 1, 0.3],
			"faces": {
				"north": {"uv": [11, 6, 13.5, 6.25], "texture": "#0"},
				"east": {"uv": [9, 3, 9.125, 3.25], "texture": "#0"},
				"south": {"uv": [11, 6.25, 13.5, 6.5], "texture": "#0"},
				"west": {"uv": [9.25, 3, 9.375, 3.25], "texture": "#0"},
				"up": {"uv": [13.75, 8.875, 11.25, 8.75], "texture": "#0"},
				"down": {"uv": [13.5, 11.25, 11, 11.375], "texture": "#0"}
			}
		},
		{
			"from": [-0.2, 0, 3],
			"to": [0.3, 1, 13],
			"rotation": {"angle": 0, "axis": "y", "origin": [8, 0, 8]},
			"faces": {
				"north": {"uv": [9.5, 3, 9.625, 3.25], "texture": "#0"},
				"east": {"uv": [8.5, 11, 11, 11.25], "texture": "#0"},
				"south": {"uv": [9.75, 3, 9.875, 3.25], "texture": "#0"},
				"west": {"uv": [11, 9, 13.5, 9.25], "texture": "#0"},
				"up": {"uv": [4.375, 13.75, 4.25, 11.25], "texture": "#0"},
				"down": {"uv": [4.625, 11.25, 4.5, 13.75], "texture": "#0"}
			}
		},
		{
			"from": [3, 0, 15.7],
			"to": [13, 1, 16.2],
			"rotation": {"angle": 0, "axis": "y", "origin": [8, 0, 8]},
			"faces": {
				"north": {"uv": [11, 9.25, 13.5, 9.5], "texture": "#0"},
				"east": {"uv": [12, 11.75, 12.125, 12], "texture": "#0"},
				"south": {"uv": [11, 9.5, 13.5, 9.75], "texture": "#0"},
				"west": {"uv": [12, 12, 12.125, 12.25], "texture": "#0"},
				"up": {"uv": [11, 11.625, 8.5, 11.5], "texture": "#0"},
				"down": {"uv": [13.5, 11.5, 11, 11.625], "texture": "#0"}
			}
		},
		{
			"from": [15.7, 0, 3],
			"to": [16.2, 1, 13],
			"rotation": {"angle": 0, "axis": "y", "origin": [8, 0, 8]},
			"faces": {
				"north": {"uv": [12.25, 2.5, 12.375, 2.75], "texture": "#0"},
				"east": {"uv": [11, 9.75, 13.5, 10], "texture": "#0"},
				"south": {"uv": [12.25, 2.75, 12.375, 3], "texture": "#0"},
				"west": {"uv": [11, 10.5, 13.5, 10.75], "texture": "#0"},
				"up": {"uv": [6.125, 14, 6, 11.5], "texture": "#0"},
				"down": {"uv": [6.375, 11.75, 6.25, 14.25], "texture": "#0"}
			}
		},
		{
			"from": [4, 1, -0.2],
			"to": [12, 3, 0.3],
			"faces": {
				"north": {"uv": [10, 3.5, 12, 4], "texture": "#0"},
				"east": {"uv": [8.5, 12, 8.625, 12.5], "texture": "#0"},
				"south": {"uv": [10, 4, 12, 4.5], "texture": "#0"},
				"west": {"uv": [8.75, 12, 8.875, 12.5], "texture": "#0"},
				"up": {"uv": [13.75, 1.875, 11.75, 1.75], "texture": "#0"},
				"down": {"uv": [13.75, 7, 11.75, 7.125], "texture": "#0"}
			}
		},
		{
			"from": [-0.2, 1, 4],
			"to": [0.3, 3, 12],
			"rotation": {"angle": 0, "axis": "y", "origin": [8, 0, 8]},
			"faces": {
				"north": {"uv": [9, 12, 9.125, 12.5], "texture": "#0"},
				"east": {"uv": [10, 4.5, 12, 5], "texture": "#0"},
				"south": {"uv": [9.25, 12, 9.375, 12.5], "texture": "#0"},
				"west": {"uv": [10, 5, 12, 5.5], "texture": "#0"},
				"up": {"uv": [6.625, 13.75, 6.5, 11.75], "texture": "#0"},
				"down": {"uv": [6.875, 11.75, 6.75, 13.75], "texture": "#0"}
			}
		},
		{
			"from": [4, 1, 15.7],
			"to": [12, 3, 16.2],
			"rotation": {"angle": 0, "axis": "y", "origin": [8, 0, 8]},
			"faces": {
				"north": {"uv": [10, 7.5, 12, 8], "texture": "#0"},
				"east": {"uv": [9.5, 12, 9.625, 12.5], "texture": "#0"},
				"south": {"uv": [8.25, 10, 10.25, 10.5], "texture": "#0"},
				"west": {"uv": [9.75, 12, 9.875, 12.5], "texture": "#0"},
				"up": {"uv": [13.75, 7.375, 11.75, 7.25], "texture": "#0"},
				"down": {"uv": [10.5, 11.75, 8.5, 11.875], "texture": "#0"}
			}
		},
		{
			"from": [15.7, 1, 4],
			"to": [16.2, 3, 12],
			"rotation": {"angle": 0, "axis": "y", "origin": [8, 0, 8]},
			"faces": {
				"north": {"uv": [10, 12, 10.125, 12.5], "texture": "#0"},
				"east": {"uv": [10.25, 10, 12.25, 10.5], "texture": "#0"},
				"south": {"uv": [10.25, 12, 10.375, 12.5], "texture": "#0"},
				"west": {"uv": [0, 10.5, 2, 11], "texture": "#0"},
				"up": {"uv": [7.125, 13.75, 7, 11.75], "texture": "#0"},
				"down": {"uv": [7.375, 11.75, 7.25, 13.75], "texture": "#0"}
			}
		},
		{
			"from": [3, 2, 3],
			"to": [13, 3, 13],
			"faces": {
				"north": {"uv": [10, 0, 20, 1], "texture": "#1"},
				"east": {"uv": [10, 1, 20, 2], "texture": "#1"},
				"south": {"uv": [10, 2, 20, 3], "texture": "#1"},
				"west": {"uv": [10, 3, 20, 4], "texture": "#1"},
				"up": {"uv": [10, 10, 0, 0], "texture": "#1"},
				"down": {"uv": [5, 11, 0, 16], "texture": "#1"}
			}
		}
	],
	"display": {
		"thirdperson_righthand": {
			"translation": [0, 4.5, 0],
			"scale": [0.57422, 0.57422, 0.57422]
		},
		"thirdperson_lefthand": {
			"translation": [0, 4.5, 0],
			"scale": [0.57422, 0.57422, 0.57422]
		},
		"firstperson_righthand": {
			"translation": [1.25, 3.5, -0.75],
			"scale": [0.5, 0.5, 0.5]
		},
		"firstperson_lefthand": {
			"translation": [1.25, 3.5, -0.75],
			"scale": [0.5, 0.5, 0.5]
		},
		"ground": {
			"translation": [0, 4.25, 0]
		},
		"gui": {
			"rotation": [31, -38, 0],
			"translation": [0, 3.75, 0],
			"scale": [0.7832, 0.7832, 0.7832]
		},
		"head": {
			"translation": [0, 13.5, 0],
			"scale": [1.20898, 1.20898, 1.20898]
		},
		"fixed": {
			"rotation": [-90, 0, 0],
			"translation": [0, 0, -13],
			"scale": [1.76953, 1.76953, 1.76953]
		}
	},
	"groups": [
		{
			"name": "group",
			"origin": [8, 0, 8],
			"color": 0,
			"children": [
				0,
				1,
				2,
				3,
				{
					"name": "group",
					"origin": [8, 0, 8],
					"color": 0,
					"children": [
						4,
						5,
						6,
						{
							"name": "group",
							"origin": [8, 0, 8],
							"color": 0,
							"children": [
								7,
								8,
								9,
								{
									"name": "group",
									"origin": [8, 0, 8],
									"color": 0,
									"children": [10, 11, 12]
								}
							]
						}
					]
				}
			]
		},
		{
			"name": "group",
			"origin": [0, 0, 0],
			"color": 0,
			"children": [
				13,
				14,
				15,
				16,
				{
					"name": "group",
					"origin": [8, 0, 8],
					"color": 0,
					"children": [17, 18, 19, 20]
				}
			]
		},
		{
			"name": "group",
			"origin": [8, 8, 8],
			"color": 0,
			"children": [
				21,
				22,
				23,
				24,
				{
					"name": "group",
					"origin": [8, 8, 8],
					"color": 0,
					"children": [25, 26, 27, 28]
				}
			]
		},
		29
	]
}