{
	"credit": "Made with Blockbench",
	"texture_size": [64, 64],
	"textures": {
		"0": "hat_textures/goggles_lens_texture",
		"1": "hat_textures/goggles_straps_texture",
		"2": "hat_textures/goggles_texture",
		"particle": "hat_textures/goggles_lens_texture"
	},
	"elements": [
		{
			"from": [7.1, 2.1, 0],
			"to": [8.9, 3, 0.6],
			"faces": {
				"north": {"uv": [3.5, 6, 4.375, 6.5], "texture": "#1"},
				"east": {"uv": [4.5, 6, 4.75, 6.5], "texture": "#1"},
				"south": {"uv": [6, 4, 6.875, 4.5], "texture": "#1"},
				"west": {"uv": [6, 5.5, 6.25, 6], "texture": "#1"},
				"up": {"uv": [6.875, 4.75, 6, 4.5], "texture": "#1"},
				"down": {"uv": [6.875, 5, 6, 5.25], "texture": "#1"}
			}
		},
		{
			"from": [15, 1.1, 5.4],
			"to": [16, 3.1, 15],
			"rotation": {"angle": 0, "axis": "y", "origin": [15, 2.5, 0.5]},
			"faces": {
				"north": {"uv": [1, 6, 1.5, 7], "texture": "#1"},
				"east": {"uv": [4.75, 5, 0, 6], "texture": "#1"},
				"south": {"uv": [1.5, 6, 2, 7], "texture": "#1"},
				"west": {"uv": [0, 3, 4.75, 4], "texture": "#1"},
				"up": {"uv": [5.5, 7.75, 5, 3], "texture": "#1"},
				"down": {"uv": [6, 3, 5.5, 7.75], "texture": "#1"}
			}
		},
		{
			"from": [0, 1.1, 5.4],
			"to": [1, 3.1, 15],
			"rotation": {"angle": 0, "axis": "y", "origin": [15, 2.5, 0.5]},
			"faces": {
				"north": {"uv": [2, 6, 2.5, 7], "texture": "#1"},
				"east": {"uv": [0, 4, 4.75, 5], "texture": "#1"},
				"south": {"uv": [2.5, 6, 3, 7], "texture": "#1"},
				"west": {"uv": [0, 5, 4.75, 6], "texture": "#1"},
				"up": {"uv": [0.5, 10.75, 0, 6], "texture": "#1"},
				"down": {"uv": [1, 6, 0.5, 10.75], "texture": "#1"}
			}
		},
		{
			"from": [0.9, 1.1, 15],
			"to": [15.1, 3.1, 16],
			"rotation": {"angle": 0, "axis": "y", "origin": [0.5, 2.1, 10.25]},
			"faces": {
				"north": {"uv": [0, 0, 7.125, 1], "texture": "#1"},
				"east": {"uv": [3, 6, 3.5, 7], "texture": "#1"},
				"south": {"uv": [0, 1, 7.125, 2], "texture": "#1"},
				"west": {"uv": [6, 3, 6.5, 4], "texture": "#1"},
				"up": {"uv": [12.125, 2.5, 5, 2], "texture": "#1"},
				"down": {"uv": [12.125, 2.5, 5, 3], "texture": "#1"}
			}
		},
		{
			"from": [9.8, -0.2, 0],
			"to": [14.2, 4.2, 0],
			"rotation": {"angle": 0, "axis": "y", "origin": [12, 2, 0.5]},
			"faces": {
				"north": {"uv": [0, 0, 4, 4], "texture": "#0"},
				"east": {"uv": [0, 8, 1, 12], "texture": "#0"},
				"south": {"uv": [4, 0, 0, 4], "texture": "#0"},
				"west": {"uv": [8, 0, 9, 4], "texture": "#0"},
				"up": {"uv": [5, 9, 1, 8], "texture": "#0"},
				"down": {"uv": [12, 4, 8, 5], "texture": "#0"}
			}
		},
		{
			"from": [10.75, 4.75, -0.3],
			"to": [13.25, 5.15, 1.3],
			"rotation": {"angle": 0, "axis": "z", "origin": [12, 2, 0.5]},
			"faces": {
				"north": {"uv": [6.75, 9, 7.375, 9.125], "texture": "#2"},
				"east": {"uv": [9.25, 6.75, 9.625, 6.875], "texture": "#2"},
				"south": {"uv": [9, 7, 9.625, 7.125], "texture": "#2"},
				"west": {"uv": [7, 9.25, 7.375, 9.375], "texture": "#2"},
				"up": {"uv": [2.875, 7.875, 2.25, 7.5], "texture": "#2"},
				"down": {"uv": [8.125, 2.75, 7.5, 3.125], "texture": "#2"}
			}
		},
		{
			"from": [8.85, 0.75, -0.3],
			"to": [9.25, 3.25, 4.7],
			"rotation": {"angle": 0, "axis": "z", "origin": [12, 2, 0.5]},
			"faces": {
				"north": {"uv": [9, 7.25, 9.125, 7.875], "texture": "#2"},
				"east": {"uv": [5, 2.5, 6.25, 3.125], "texture": "#2"},
				"south": {"uv": [7.5, 9, 7.625, 9.625], "texture": "#2"},
				"west": {"uv": [5, 3.25, 6.25, 3.875], "texture": "#2"},
				"up": {"uv": [7.625, 9, 7.5, 7.75], "texture": "#2"},
				"down": {"uv": [1.875, 8, 1.75, 9.25], "texture": "#2"}
			}
		},
		{
			"from": [14.75, 0.75, -0.3],
			"to": [15.15, 3.25, 1.3],
			"rotation": {"angle": 0, "axis": "z", "origin": [12, 2, 0.5]},
			"faces": {
				"north": {"uv": [7.75, 9, 7.875, 9.625], "texture": "#2"},
				"east": {"uv": [3, 7.5, 3.375, 8.125], "texture": "#2"},
				"south": {"uv": [8, 9, 8.125, 9.625], "texture": "#2"},
				"west": {"uv": [7.5, 3.25, 7.875, 3.875], "texture": "#2"},
				"up": {"uv": [9.375, 7.625, 9.25, 7.25], "texture": "#2"},
				"down": {"uv": [8.375, 9.25, 8.25, 9.625], "texture": "#2"}
			}
		},
		{
			"from": [15.15, 1.95, 0.2],
			"to": [15.45, 2.55, 0.8],
			"rotation": {"angle": 0, "axis": "z", "origin": [12, 2, 0.5]},
			"faces": {
				"north": {"uv": [9.5, 4.5, 9.625, 4.625], "texture": "#2"},
				"east": {"uv": [4.75, 9.5, 4.875, 9.625], "texture": "#2"},
				"south": {"uv": [9.5, 4.75, 9.625, 4.875], "texture": "#2"},
				"west": {"uv": [5.25, 9.5, 5.375, 9.625], "texture": "#2"},
				"up": {"uv": [5.625, 9.625, 5.5, 9.5], "texture": "#2"},
				"down": {"uv": [5.875, 9.5, 5.75, 9.625], "texture": "#2"}
			}
		},
		{
			"from": [10.75, -1.15, -0.3],
			"to": [13.25, -0.75, 1.3],
			"rotation": {"angle": 0, "axis": "z", "origin": [12, 2, 0.5]},
			"faces": {
				"north": {"uv": [8.25, 9, 8.875, 9.125], "texture": "#2"},
				"east": {"uv": [9.25, 7.75, 9.625, 7.875], "texture": "#2"},
				"south": {"uv": [9, 9, 9.625, 9.125], "texture": "#2"},
				"west": {"uv": [8.5, 9.25, 8.875, 9.375], "texture": "#2"},
				"up": {"uv": [5.875, 7.875, 5.25, 7.5], "texture": "#2"},
				"down": {"uv": [8.375, 0, 7.75, 0.375], "texture": "#2"}
			}
		},
		{
			"from": [10.25, 4.15, -0.3],
			"to": [13.75, 4.75, 4.7],
			"rotation": {"angle": 0, "axis": "z", "origin": [12, 2, 0.5]},
			"faces": {
				"north": {"uv": [0.5, 8.5, 1.375, 8.625], "texture": "#2"},
				"east": {"uv": [8, 2.25, 9.25, 2.375], "texture": "#2"},
				"south": {"uv": [8.5, 1.25, 9.375, 1.375], "texture": "#2"},
				"west": {"uv": [8, 2.5, 9.25, 2.625], "texture": "#2"},
				"up": {"uv": [1.875, 3.5, 1, 2.25], "texture": "#2"},
				"down": {"uv": [2.875, 2.25, 2, 3.5], "texture": "#2"}
			}
		},
		{
			"from": [13.45, 3.45, -0.3],
			"to": [14.35, 4.35, 4.7],
			"rotation": {"angle": 0, "axis": "z", "origin": [12, 2, 0.5]},
			"faces": {
				"north": {"uv": [2.25, 9.25, 2.5, 9.5], "texture": "#2"},
				"east": {"uv": [6.75, 4.5, 8, 4.75], "texture": "#2"},
				"south": {"uv": [9.25, 2.25, 9.5, 2.5], "texture": "#2"},
				"west": {"uv": [6.5, 6.75, 7.75, 7], "texture": "#2"},
				"up": {"uv": [5, 8, 4.75, 6.75], "texture": "#2"},
				"down": {"uv": [5.25, 6.75, 5, 8], "texture": "#2"}
			}
		},
		{
			"from": [9.65, 3.45, -0.3],
			"to": [10.55, 4.35, 4.7],
			"rotation": {"angle": 0, "axis": "z", "origin": [12, 2, 0.5]},
			"faces": {
				"north": {"uv": [2.5, 9.25, 2.75, 9.5], "texture": "#2"},
				"east": {"uv": [7, 1, 8.25, 1.25], "texture": "#2"},
				"south": {"uv": [9.25, 2.5, 9.5, 2.75], "texture": "#2"},
				"west": {"uv": [7, 1.25, 8.25, 1.5], "texture": "#2"},
				"up": {"uv": [7.25, 4, 7, 2.75], "texture": "#2"},
				"down": {"uv": [7.25, 4.75, 7, 6], "texture": "#2"}
			}
		},
		{
			"from": [13.45, -0.35, -0.3],
			"to": [14.35, 0.55, 4.7],
			"rotation": {"angle": 0, "axis": "z", "origin": [12, 2, 0.5]},
			"faces": {
				"north": {"uv": [2.75, 9.25, 3, 9.5], "texture": "#2"},
				"east": {"uv": [7, 1.5, 8.25, 1.75], "texture": "#2"},
				"south": {"uv": [9.25, 2.75, 9.5, 3], "texture": "#2"},
				"west": {"uv": [7, 1.75, 8.25, 2], "texture": "#2"},
				"up": {"uv": [6.75, 8.25, 6.5, 7], "texture": "#2"},
				"down": {"uv": [7, 7, 6.75, 8.25], "texture": "#2"}
			}
		},
		{
			"from": [9.65, -0.35, -0.3],
			"to": [10.55, 0.55, 4.7],
			"rotation": {"angle": 0, "axis": "z", "origin": [12, 2, 0.5]},
			"faces": {
				"north": {"uv": [3, 9.25, 3.25, 9.5], "texture": "#2"},
				"east": {"uv": [7, 2, 8.25, 2.25], "texture": "#2"},
				"south": {"uv": [9.25, 3, 9.5, 3.25], "texture": "#2"},
				"west": {"uv": [7, 6, 8.25, 6.25], "texture": "#2"},
				"up": {"uv": [7.25, 8.25, 7, 7], "texture": "#2"},
				"down": {"uv": [7.5, 2.75, 7.25, 4], "texture": "#2"}
			}
		},
		{
			"from": [9.25, 0.25, -0.3],
			"to": [9.85, 3.75, 4.7],
			"rotation": {"angle": 0, "axis": "z", "origin": [12, 2, 0.5]},
			"faces": {
				"north": {"uv": [1.5, 8.25, 1.625, 9.125], "texture": "#2"},
				"east": {"uv": [2.5, 1.25, 3.75, 2.125], "texture": "#2"},
				"south": {"uv": [3, 8.25, 3.125, 9.125], "texture": "#2"},
				"west": {"uv": [3, 0, 4.25, 0.875], "texture": "#2"},
				"up": {"uv": [2.125, 9.25, 2, 8], "texture": "#2"},
				"down": {"uv": [2.375, 8, 2.25, 9.25], "texture": "#2"}
			}
		},
		{
			"from": [14.15, 0.25, -0.3],
			"to": [14.75, 3.75, 1.3],
			"rotation": {"angle": 0, "axis": "z", "origin": [12, 2, 0.5]},
			"faces": {
				"north": {"uv": [3.25, 8.25, 3.375, 9.125], "texture": "#2"},
				"east": {"uv": [3.25, 6.5, 3.625, 7.375], "texture": "#2"},
				"south": {"uv": [6.5, 8.25, 6.625, 9.125], "texture": "#2"},
				"west": {"uv": [6.5, 4.75, 6.875, 5.625], "texture": "#2"},
				"up": {"uv": [9.125, 9.625, 9, 9.25], "texture": "#2"},
				"down": {"uv": [9.375, 9.25, 9.25, 9.625], "texture": "#2"}
			}
		},
		{
			"from": [10.25, -0.75, -0.3],
			"to": [13.75, -0.15, 4.7],
			"rotation": {"angle": 0, "axis": "z", "origin": [12, 2, 0.5]},
			"faces": {
				"north": {"uv": [8.5, 1.5, 9.375, 1.625], "texture": "#2"},
				"east": {"uv": [8, 3.25, 9.25, 3.375], "texture": "#2"},
				"south": {"uv": [8.5, 1.75, 9.375, 1.875], "texture": "#2"},
				"west": {"uv": [8, 3.5, 9.25, 3.625], "texture": "#2"},
				"up": {"uv": [3.875, 3.5, 3, 2.25], "texture": "#2"},
				"down": {"uv": [0.875, 3.5, 0, 4.75], "texture": "#2"}
			}
		},
		{
			"from": [15.65, 0.95, 1.3],
			"to": [16.15, 3.45, 5.9],
			"rotation": {"angle": 0, "axis": "z", "origin": [12, 2, 0.5]},
			"faces": {
				"north": {"uv": [0, 9.25, 0.125, 9.875], "texture": "#2"},
				"east": {"uv": [5.25, 0, 6.375, 0.625], "texture": "#2"},
				"south": {"uv": [0.25, 9.25, 0.375, 9.875], "texture": "#2"},
				"west": {"uv": [5.25, 4.75, 6.375, 5.375], "texture": "#2"},
				"up": {"uv": [8.125, 4.875, 8, 3.75], "texture": "#2"},
				"down": {"uv": [4.125, 8, 4, 9.125], "texture": "#2"}
			}
		},
		{
			"from": [16.15, 1.75, 1.8],
			"to": [16.45, 2.55, 2.6],
			"rotation": {"angle": 0, "axis": "z", "origin": [12, 2, 0.5]},
			"faces": {
				"north": {"uv": [9.5, 2, 9.625, 2.25], "texture": "#2"},
				"east": {"uv": [3.25, 9.25, 3.5, 9.5], "texture": "#2"},
				"south": {"uv": [2.25, 9.5, 2.375, 9.75], "texture": "#2"},
				"west": {"uv": [9.25, 3.25, 9.5, 3.5], "texture": "#2"},
				"up": {"uv": [9.625, 2.5, 9.5, 2.25], "texture": "#2"},
				"down": {"uv": [2.625, 9.5, 2.5, 9.75], "texture": "#2"}
			}
		},
		{
			"from": [16.15, 1.75, 3.3],
			"to": [16.45, 2.55, 4.1],
			"rotation": {"angle": 0, "axis": "z", "origin": [12, 2, 0.5]},
			"faces": {
				"north": {"uv": [9.5, 2.5, 9.625, 2.75], "texture": "#2"},
				"east": {"uv": [3.5, 9.25, 3.75, 9.5], "texture": "#2"},
				"south": {"uv": [2.75, 9.5, 2.875, 9.75], "texture": "#2"},
				"west": {"uv": [9.25, 3.5, 9.5, 3.75], "texture": "#2"},
				"up": {"uv": [9.625, 3, 9.5, 2.75], "texture": "#2"},
				"down": {"uv": [3.125, 9.5, 3, 9.75], "texture": "#2"}
			}
		},
		{
			"from": [16.15, 1.75, 4.7],
			"to": [16.45, 2.55, 5.5],
			"rotation": {"angle": 0, "axis": "z", "origin": [12, 2, 0.5]},
			"faces": {
				"north": {"uv": [9.5, 3, 9.625, 3.25], "texture": "#2"},
				"east": {"uv": [9.25, 3.75, 9.5, 4], "texture": "#2"},
				"south": {"uv": [3.25, 9.5, 3.375, 9.75], "texture": "#2"},
				"west": {"uv": [4, 9.25, 4.25, 9.5], "texture": "#2"},
				"up": {"uv": [9.625, 3.5, 9.5, 3.25], "texture": "#2"},
				"down": {"uv": [3.625, 9.5, 3.5, 9.75], "texture": "#2"}
			}
		},
		{
			"from": [14.15, 0.25, 1.3],
			"to": [15.65, 3.95, 5.4],
			"rotation": {"angle": 0, "axis": "z", "origin": [12, 2, 0.5]},
			"faces": {
				"north": {"uv": [5.25, 6.5, 5.625, 7.375], "texture": "#2"},
				"east": {"uv": [4, 4, 5, 4.875], "texture": "#2"},
				"south": {"uv": [5.75, 6.5, 6.125, 7.375], "texture": "#2"},
				"west": {"uv": [4.25, 0, 5.25, 0.875], "texture": "#2"},
				"up": {"uv": [6.625, 2.75, 6.25, 1.75], "texture": "#2"},
				"down": {"uv": [6.625, 2.75, 6.25, 3.75], "texture": "#2"}
			}
		},
		{
			"from": [13.75, 3.95, 1.3],
			"to": [15.25, 4.55, 5],
			"rotation": {"angle": 0, "axis": "z", "origin": [12, 2, 0.5]},
			"faces": {
				"north": {"uv": [9.5, 0, 9.875, 0.125], "texture": "#2"},
				"east": {"uv": [8.5, 2, 9.375, 2.125], "texture": "#2"},
				"south": {"uv": [9.5, 0.25, 9.875, 0.375], "texture": "#2"},
				"west": {"uv": [4.25, 8.5, 5.125, 8.625], "texture": "#2"},
				"up": {"uv": [6.875, 6.625, 6.5, 5.75], "texture": "#2"},
				"down": {"uv": [0.375, 6.75, 0, 7.625], "texture": "#2"}
			}
		},
		{
			"from": [14.05, -0.35, 1.3],
			"to": [15.25, 0.55, 5],
			"rotation": {"angle": 0, "axis": "z", "origin": [12, 2, 0.5]},
			"faces": {
				"north": {"uv": [9.25, 4, 9.5, 4.25], "texture": "#2"},
				"east": {"uv": [7.75, 5.5, 8.625, 5.75], "texture": "#2"},
				"south": {"uv": [4.25, 9.25, 4.5, 9.5], "texture": "#2"},
				"west": {"uv": [7.75, 5.75, 8.625, 6], "texture": "#2"},
				"up": {"uv": [0.25, 8.625, 0, 7.75], "texture": "#2"},
				"down": {"uv": [0.5, 7.75, 0.25, 8.625], "texture": "#2"}
			}
		},
		{
			"from": [10.85, -0.75, 1.3],
			"to": [14.65, -0.15, 4.7],
			"rotation": {"angle": 0, "axis": "z", "origin": [12, 2, 0.5]},
			"faces": {
				"north": {"uv": [8, 7.25, 9, 7.375], "texture": "#2"},
				"east": {"uv": [7.75, 8.5, 8.625, 8.625], "texture": "#2"},
				"south": {"uv": [8, 7.5, 9, 7.625], "texture": "#2"},
				"west": {"uv": [0, 8.75, 0.875, 8.875], "texture": "#2"},
				"up": {"uv": [2, 5.375, 1, 4.5], "texture": "#2"},
				"down": {"uv": [3, 4.5, 2, 5.375], "texture": "#2"}
			}
		},
		{
			"from": [11.35, -1.15, 1.3],
			"to": [14.15, -0.75, 4.7],
			"rotation": {"angle": 0, "axis": "z", "origin": [12, 2, 0.5]},
			"faces": {
				"north": {"uv": [8.75, 8.5, 9.5, 8.625], "texture": "#2"},
				"east": {"uv": [8.75, 0.5, 9.625, 0.625], "texture": "#2"},
				"south": {"uv": [8.75, 8.75, 9.5, 8.875], "texture": "#2"},
				"west": {"uv": [4.25, 8.75, 5.125, 8.875], "texture": "#2"},
				"up": {"uv": [6, 6.375, 5.25, 5.5], "texture": "#2"},
				"down": {"uv": [0.75, 5.75, 0, 6.625], "texture": "#2"}
			}
		},
		{
			"from": [10.85, 4.55, 1.3],
			"to": [14.65, 4.95, 4.7],
			"rotation": {"angle": 0, "axis": "z", "origin": [12, 2, 0.5]},
			"faces": {
				"north": {"uv": [7.75, 8, 8.75, 8.125], "texture": "#2"},
				"east": {"uv": [8.75, 5.25, 9.625, 5.375], "texture": "#2"},
				"south": {"uv": [8, 7.75, 9, 7.875], "texture": "#2"},
				"west": {"uv": [8.75, 5.5, 9.625, 5.625], "texture": "#2"},
				"up": {"uv": [4, 5.375, 3, 4.5], "texture": "#2"},
				"down": {"uv": [1, 4.75, 0, 5.625], "texture": "#2"}
			}
		},
		{
			"from": [11.35, 4.95, 1.3],
			"to": [14.15, 5.15, 4.7],
			"rotation": {"angle": 0, "axis": "z", "origin": [12, 2, 0.5]},
			"faces": {
				"north": {"uv": [0, 9, 0.75, 9.125], "texture": "#2"},
				"east": {"uv": [8.75, 5.75, 9.625, 5.875], "texture": "#2"},
				"south": {"uv": [0.75, 9, 1.5, 9.125], "texture": "#2"},
				"west": {"uv": [7.75, 8.75, 8.625, 8.875], "texture": "#2"},
				"up": {"uv": [4.75, 6.625, 4, 5.75], "texture": "#2"},
				"down": {"uv": [6.75, 0.75, 6, 1.625], "texture": "#2"}
			}
		},
		{
			"from": [1.8, -0.2, 0],
			"to": [6.2, 4.2, 0],
			"rotation": {"angle": 0, "axis": "y", "origin": [4, 2, 0.5]},
			"faces": {
				"north": {"uv": [4, 0, 8, 4], "texture": "#0"},
				"east": {"uv": [5, 8, 6, 12], "texture": "#0"},
				"south": {"uv": [8, 0, 4, 4], "texture": "#0"},
				"west": {"uv": [8, 5, 9, 9], "texture": "#0"},
				"up": {"uv": [13, 1, 9, 0], "texture": "#0"},
				"down": {"uv": [5, 9, 1, 10], "texture": "#0"}
			}
		},
		{
			"from": [2.75, 4.75, -0.3],
			"to": [5.25, 5.15, 1.3],
			"rotation": {"angle": 0, "axis": "z", "origin": [4, 2, 0.5]},
			"faces": {
				"north": {"uv": [4.25, 9, 4.875, 9.125], "texture": "#2"},
				"east": {"uv": [9.25, 4.25, 9.625, 4.375], "texture": "#2"},
				"south": {"uv": [5, 9, 5.625, 9.125], "texture": "#2"},
				"west": {"uv": [4.5, 9.25, 4.875, 9.375], "texture": "#2"},
				"up": {"uv": [7.625, 6.625, 7, 6.25], "texture": "#2"},
				"down": {"uv": [7.875, 4.75, 7.25, 5.125], "texture": "#2"}
			}
		},
		{
			"from": [6.75, 0.75, -0.3],
			"to": [7.15, 3.25, 4.7],
			"rotation": {"angle": 0, "axis": "z", "origin": [4, 2, 0.5]},
			"faces": {
				"north": {"uv": [0.75, 5.75, 0.875, 6.375], "texture": "#2"},
				"east": {"uv": [4.75, 1, 6, 1.625], "texture": "#2"},
				"south": {"uv": [6.75, 8.25, 6.875, 8.875], "texture": "#2"},
				"west": {"uv": [5, 1.75, 6.25, 2.375], "texture": "#2"},
				"up": {"uv": [3.875, 9, 3.75, 7.75], "texture": "#2"},
				"down": {"uv": [6.375, 7.75, 6.25, 9], "texture": "#2"}
			}
		},
		{
			"from": [0.85, 0.75, -0.3],
			"to": [1.25, 3.25, 1.3],
			"rotation": {"angle": 0, "axis": "z", "origin": [4, 2, 0.5]},
			"faces": {
				"north": {"uv": [7, 8.25, 7.125, 8.875], "texture": "#2"},
				"east": {"uv": [7.25, 5.25, 7.625, 5.875], "texture": "#2"},
				"south": {"uv": [3.5, 8.5, 3.625, 9.125], "texture": "#2"},
				"west": {"uv": [7.25, 7, 7.625, 7.625], "texture": "#2"},
				"up": {"uv": [9.375, 4.875, 9.25, 4.5], "texture": "#2"},
				"down": {"uv": [5.125, 9.25, 5, 9.625], "texture": "#2"}
			}
		},
		{
			"from": [0.55, 1.95, 0.2],
			"to": [0.85, 2.55, 0.8],
			"rotation": {"angle": 0, "axis": "z", "origin": [4, 2, 0.5]},
			"faces": {
				"north": {"uv": [9.5, 3.5, 9.625, 3.625], "texture": "#2"},
				"east": {"uv": [9.5, 3.75, 9.625, 3.875], "texture": "#2"},
				"south": {"uv": [4, 9.5, 4.125, 9.625], "texture": "#2"},
				"west": {"uv": [9.5, 4, 9.625, 4.125], "texture": "#2"},
				"up": {"uv": [4.375, 9.625, 4.25, 9.5], "texture": "#2"},
				"down": {"uv": [4.625, 9.5, 4.5, 9.625], "texture": "#2"}
			}
		},
		{
			"from": [2.75, -1.15, -0.3],
			"to": [5.25, -0.75, 1.3],
			"rotation": {"angle": 0, "axis": "z", "origin": [4, 2, 0.5]},
			"faces": {
				"north": {"uv": [9, 5, 9.625, 5.125], "texture": "#2"},
				"east": {"uv": [5.25, 9.25, 5.625, 9.375], "texture": "#2"},
				"south": {"uv": [5.75, 9, 6.375, 9.125], "texture": "#2"},
				"west": {"uv": [5.75, 9.25, 6.125, 9.375], "texture": "#2"},
				"up": {"uv": [1.375, 7.875, 0.75, 7.5], "texture": "#2"},
				"down": {"uv": [2.125, 7.5, 1.5, 7.875], "texture": "#2"}
			}
		},
		{
			"from": [2.25, 4.15, -0.3],
			"to": [5.75, 4.75, 4.7],
			"rotation": {"angle": 0, "axis": "z", "origin": [4, 2, 0.5]},
			"faces": {
				"north": {"uv": [0.5, 8.25, 1.375, 8.375], "texture": "#2"},
				"east": {"uv": [7.75, 6.25, 9, 6.375], "texture": "#2"},
				"south": {"uv": [8.25, 1, 9.125, 1.125], "texture": "#2"},
				"west": {"uv": [7.75, 6.5, 9, 6.625], "texture": "#2"},
				"up": {"uv": [0.875, 1.25, 0, 0], "texture": "#2"},
				"down": {"uv": [1.875, 0, 1, 1.25], "texture": "#2"}
			}
		},
		{
			"from": [1.65, 3.45, -0.3],
			"to": [2.55, 4.35, 4.7],
			"rotation": {"angle": 0, "axis": "z", "origin": [4, 2, 0.5]},
			"faces": {
				"north": {"uv": [3.75, 2, 4, 2.25], "texture": "#2"},
				"east": {"uv": [6.5, 0, 7.75, 0.25], "texture": "#2"},
				"south": {"uv": [4.75, 1.75, 5, 2], "texture": "#2"},
				"west": {"uv": [6.5, 0.25, 7.75, 0.5], "texture": "#2"},
				"up": {"uv": [4, 7.75, 3.75, 6.5], "texture": "#2"},
				"down": {"uv": [6.5, 6.5, 6.25, 7.75], "texture": "#2"}
			}
		},
		{
			"from": [5.45, 3.45, -0.3],
			"to": [6.35, 4.35, 4.7],
			"rotation": {"angle": 0, "axis": "z", "origin": [4, 2, 0.5]},
			"faces": {
				"north": {"uv": [5, 4.75, 5.25, 5], "texture": "#2"},
				"east": {"uv": [6.5, 0.5, 7.75, 0.75], "texture": "#2"},
				"south": {"uv": [6, 8.5, 6.25, 8.75], "texture": "#2"},
				"west": {"uv": [6.75, 0.75, 8, 1], "texture": "#2"},
				"up": {"uv": [0.75, 8, 0.5, 6.75], "texture": "#2"},
				"down": {"uv": [7, 1, 6.75, 2.25], "texture": "#2"}
			}
		},
		{
			"from": [1.65, -0.35, -0.3],
			"to": [2.55, 0.55, 4.7],
			"rotation": {"angle": 0, "axis": "z", "origin": [4, 2, 0.5]},
			"faces": {
				"north": {"uv": [1, 8.75, 1.25, 9], "texture": "#2"},
				"east": {"uv": [6.75, 2.25, 8, 2.5], "texture": "#2"},
				"south": {"uv": [1.25, 8.75, 1.5, 9], "texture": "#2"},
				"west": {"uv": [6.75, 2.5, 8, 2.75], "texture": "#2"},
				"up": {"uv": [7, 4, 6.75, 2.75], "texture": "#2"},
				"down": {"uv": [4.25, 6.75, 4, 8], "texture": "#2"}
			}
		},
		{
			"from": [5.45, -0.35, -0.3],
			"to": [6.35, 0.55, 4.7],
			"rotation": {"angle": 0, "axis": "z", "origin": [4, 2, 0.5]},
			"faces": {
				"north": {"uv": [6, 8.75, 6.25, 9], "texture": "#2"},
				"east": {"uv": [6.75, 4, 8, 4.25], "texture": "#2"},
				"south": {"uv": [0.5, 9.25, 0.75, 9.5], "texture": "#2"},
				"west": {"uv": [6.75, 4.25, 8, 4.5], "texture": "#2"},
				"up": {"uv": [4.5, 8, 4.25, 6.75], "texture": "#2"},
				"down": {"uv": [4.75, 6.75, 4.5, 8], "texture": "#2"}
			}
		},
		{
			"from": [6.15, 0.25, -0.3],
			"to": [6.75, 3.75, 4.7],
			"rotation": {"angle": 0, "axis": "z", "origin": [4, 2, 0.5]},
			"faces": {
				"north": {"uv": [5.25, 8, 5.375, 8.875], "texture": "#2"},
				"east": {"uv": [0, 1.25, 1.25, 2.125], "texture": "#2"},
				"south": {"uv": [5.5, 8, 5.625, 8.875], "texture": "#2"},
				"west": {"uv": [1.25, 1.25, 2.5, 2.125], "texture": "#2"},
				"up": {"uv": [7.875, 8, 7.75, 6.75], "texture": "#2"},
				"down": {"uv": [7.375, 7.75, 7.25, 9], "texture": "#2"}
			}
		},
		{
			"from": [1.25, 0.25, -0.3],
			"to": [1.85, 3.75, 1.3],
			"rotation": {"angle": 0, "axis": "z", "origin": [4, 2, 0.5]},
			"faces": {
				"north": {"uv": [5.75, 8, 5.875, 8.875], "texture": "#2"},
				"east": {"uv": [6.25, 3.75, 6.625, 4.625], "texture": "#2"},
				"south": {"uv": [8.25, 1.25, 8.375, 2.125], "texture": "#2"},
				"west": {"uv": [0.75, 6.5, 1.125, 7.375], "texture": "#2"},
				"up": {"uv": [9.375, 6.375, 9.25, 6], "texture": "#2"},
				"down": {"uv": [6.375, 9.25, 6.25, 9.625], "texture": "#2"}
			}
		},
		{
			"from": [2.25, -0.75, -0.3],
			"to": [5.75, -0.15, 4.7],
			"rotation": {"angle": 0, "axis": "z", "origin": [4, 2, 0.5]},
			"faces": {
				"north": {"uv": [8.25, 2.75, 9.125, 2.875], "texture": "#2"},
				"east": {"uv": [0.5, 8, 1.75, 8.125], "texture": "#2"},
				"south": {"uv": [8.25, 3, 9.125, 3.125], "texture": "#2"},
				"west": {"uv": [8, 0.75, 9.25, 0.875], "texture": "#2"},
				"up": {"uv": [2.875, 1.25, 2, 0], "texture": "#2"},
				"down": {"uv": [0.875, 2.25, 0, 3.5], "texture": "#2"}
			}
		},
		{
			"from": [-0.15, 0.95, 1.3],
			"to": [0.35, 3.45, 5.9],
			"rotation": {"angle": 0, "axis": "z", "origin": [4, 2, 0.5]},
			"faces": {
				"north": {"uv": [3.75, 9, 3.875, 9.625], "texture": "#2"},
				"east": {"uv": [4, 5, 5.125, 5.625], "texture": "#2"},
				"south": {"uv": [9, 6.25, 9.125, 6.875], "texture": "#2"},
				"west": {"uv": [5, 4, 6.125, 4.625], "texture": "#2"},
				"up": {"uv": [2.625, 9.125, 2.5, 8], "texture": "#2"},
				"down": {"uv": [2.875, 8, 2.75, 9.125], "texture": "#2"}
			}
		},
		{
			"from": [-0.45, 1.75, 1.8],
			"to": [-0.15, 2.55, 2.6],
			"rotation": {"angle": 0, "axis": "z", "origin": [4, 2, 0.5]},
			"faces": {
				"north": {"uv": [0.5, 9.5, 0.625, 9.75], "texture": "#2"},
				"east": {"uv": [0.75, 9.25, 1, 9.5], "texture": "#2"},
				"south": {"uv": [0.75, 9.5, 0.875, 9.75], "texture": "#2"},
				"west": {"uv": [9.25, 0.75, 9.5, 1], "texture": "#2"},
				"up": {"uv": [9.625, 1, 9.5, 0.75], "texture": "#2"},
				"down": {"uv": [1.125, 9.5, 1, 9.75], "texture": "#2"}
			}
		},
		{
			"from": [-0.45, 1.75, 3.3],
			"to": [-0.15, 2.55, 4.1],
			"rotation": {"angle": 0, "axis": "z", "origin": [4, 2, 0.5]},
			"faces": {
				"north": {"uv": [9.5, 1, 9.625, 1.25], "texture": "#2"},
				"east": {"uv": [1, 9.25, 1.25, 9.5], "texture": "#2"},
				"south": {"uv": [1.25, 9.5, 1.375, 9.75], "texture": "#2"},
				"west": {"uv": [9.25, 1, 9.5, 1.25], "texture": "#2"},
				"up": {"uv": [9.625, 1.5, 9.5, 1.25], "texture": "#2"},
				"down": {"uv": [1.625, 9.5, 1.5, 9.75], "texture": "#2"}
			}
		},
		{
			"from": [-0.45, 1.75, 4.7],
			"to": [-0.15, 2.55, 5.5],
			"rotation": {"angle": 0, "axis": "z", "origin": [4, 2, 0.5]},
			"faces": {
				"north": {"uv": [9.5, 1.5, 9.625, 1.75], "texture": "#2"},
				"east": {"uv": [1.25, 9.25, 1.5, 9.5], "texture": "#2"},
				"south": {"uv": [1.75, 9.5, 1.875, 9.75], "texture": "#2"},
				"west": {"uv": [1.5, 9.25, 1.75, 9.5], "texture": "#2"},
				"up": {"uv": [9.625, 2, 9.5, 1.75], "texture": "#2"},
				"down": {"uv": [2.125, 9.5, 2, 9.75], "texture": "#2"}
			}
		},
		{
			"from": [0.35, 0.25, 1.3],
			"to": [1.85, 3.95, 5.4],
			"rotation": {"angle": 0, "axis": "z", "origin": [4, 2, 0.5]},
			"faces": {
				"north": {"uv": [1.25, 6.5, 1.625, 7.375], "texture": "#2"},
				"east": {"uv": [1, 3.5, 2, 4.375], "texture": "#2"},
				"south": {"uv": [1.75, 6.5, 2.125, 7.375], "texture": "#2"},
				"west": {"uv": [2, 3.5, 3, 4.375], "texture": "#2"},
				"up": {"uv": [5.125, 6.75, 4.75, 5.75], "texture": "#2"},
				"down": {"uv": [6.375, 5.5, 6, 6.5], "texture": "#2"}
			}
		},
		{
			"from": [0.75, 3.95, 1.3],
			"to": [2.25, 4.55, 5],
			"rotation": {"angle": 0, "axis": "z", "origin": [4, 2, 0.5]},
			"faces": {
				"north": {"uv": [6.5, 9.25, 6.875, 9.375], "texture": "#2"},
				"east": {"uv": [8.25, 3.75, 9.125, 3.875], "texture": "#2"},
				"south": {"uv": [9.25, 6.5, 9.625, 6.625], "texture": "#2"},
				"west": {"uv": [8.25, 4, 9.125, 4.125], "texture": "#2"},
				"up": {"uv": [2.625, 7.375, 2.25, 6.5], "texture": "#2"},
				"down": {"uv": [3.125, 6.5, 2.75, 7.375], "texture": "#2"}
			}
		},
		{
			"from": [0.75, -0.35, 1.3],
			"to": [1.95, 0.55, 5],
			"rotation": {"angle": 0, "axis": "z", "origin": [4, 2, 0.5]},
			"faces": {
				"north": {"uv": [1.75, 9.25, 2, 9.5], "texture": "#2"},
				"east": {"uv": [7.75, 0.5, 8.625, 0.75], "texture": "#2"},
				"south": {"uv": [2, 9.25, 2.25, 9.5], "texture": "#2"},
				"west": {"uv": [7.75, 5.25, 8.625, 5.5], "texture": "#2"},
				"up": {"uv": [3.75, 8.375, 3.5, 7.5], "texture": "#2"},
				"down": {"uv": [6.25, 7.5, 6, 8.375], "texture": "#2"}
			}
		},
		{
			"from": [1.35, -0.75, 1.3],
			"to": [5.15, -0.15, 4.7],
			"rotation": {"angle": 0, "axis": "z", "origin": [4, 2, 0.5]},
			"faces": {
				"north": {"uv": [4.25, 8, 5.25, 8.125], "texture": "#2"},
				"east": {"uv": [4.25, 8.25, 5.125, 8.375], "texture": "#2"},
				"south": {"uv": [8, 5, 9, 5.125], "texture": "#2"},
				"west": {"uv": [8.25, 4.25, 9.125, 4.375], "texture": "#2"},
				"up": {"uv": [4, 4.375, 3, 3.5], "texture": "#2"},
				"down": {"uv": [4.75, 1, 3.75, 1.875], "texture": "#2"}
			}
		},
		{
			"from": [1.85, -1.15, 1.3],
			"to": [4.65, -0.75, 4.7],
			"rotation": {"angle": 0, "axis": "z", "origin": [4, 2, 0.5]},
			"faces": {
				"north": {"uv": [3, 1, 3.75, 1.125], "texture": "#2"},
				"east": {"uv": [8.25, 4.5, 9.125, 4.625], "texture": "#2"},
				"south": {"uv": [5.25, 0.75, 6, 0.875], "texture": "#2"},
				"west": {"uv": [8.25, 4.75, 9.125, 4.875], "texture": "#2"},
				"up": {"uv": [1.75, 6.375, 1, 5.5], "texture": "#2"},
				"down": {"uv": [2.5, 5.5, 1.75, 6.375], "texture": "#2"}
			}
		},
		{
			"from": [1.35, 4.55, 1.3],
			"to": [5.15, 4.95, 4.7],
			"rotation": {"angle": 0, "axis": "z", "origin": [4, 2, 0.5]},
			"faces": {
				"north": {"uv": [8, 6.75, 9, 6.875], "texture": "#2"},
				"east": {"uv": [8.25, 6, 9.125, 6.125], "texture": "#2"},
				"south": {"uv": [8, 7, 9, 7.125], "texture": "#2"},
				"west": {"uv": [7.75, 8.25, 8.625, 8.375], "texture": "#2"},
				"up": {"uv": [5, 2.875, 4, 2], "texture": "#2"},
				"down": {"uv": [5, 3, 4, 3.875], "texture": "#2"}
			}
		},
		{
			"from": [1.85, 4.95, 1.3],
			"to": [4.65, 5.15, 4.7],
			"rotation": {"angle": 0, "axis": "z", "origin": [4, 2, 0.5]},
			"faces": {
				"north": {"uv": [8.75, 8, 9.5, 8.125], "texture": "#2"},
				"east": {"uv": [8.5, 0, 9.375, 0.125], "texture": "#2"},
				"south": {"uv": [8.75, 8.25, 9.5, 8.375], "texture": "#2"},
				"west": {"uv": [8.5, 0.25, 9.375, 0.375], "texture": "#2"},
				"up": {"uv": [3.25, 6.375, 2.5, 5.5], "texture": "#2"},
				"down": {"uv": [4, 5.5, 3.25, 6.375], "texture": "#2"}
			}
		}
	],
	"display": {
		"thirdperson_righthand": {
			"translation": [0, 1.25, -3],
			"scale": [0.48438, 0.48438, 0.48438]
		},
		"thirdperson_lefthand": {
			"translation": [0, 1.25, -3],
			"scale": [0.48438, 0.48438, 0.48438]
		},
		"firstperson_righthand": {
			"translation": [1.5, 3.5, 0],
			"scale": [0.55078, 0.55078, 0.55078]
		},
		"firstperson_lefthand": {
			"translation": [1.5, 3.5, 0],
			"scale": [0.55078, 0.55078, 0.55078]
		},
		"ground": {
			"translation": [0, 2.25, 0],
			"scale": [0.59766, 0.59766, 0.59766]
		},
		"gui": {
			"rotation": [35, 145, 0],
			"translation": [0, 6.25, 0],
			"scale": [0.72461, 0.72461, 0.72461]
		},
		"head": {
			"translation": [0, 8.5, -0.75],
			"scale": [1.08203, 1.08203, 1.08203]
		},
		"fixed": {
			"rotation": [-90, 0, 0],
			"translation": [0, 0, -12.75],
			"scale": [1.25977, 1.25977, 1.25977]
		}
	},
	"groups": [
		0,
		1,
		2,
		3,
		{
			"name": "Left Goggle",
			"origin": [0, 0, 0],
			"color": 0,
			"children": [
				4,
				{
					"name": "outside",
					"origin": [0, 0, 0],
					"color": 0,
					"children": [5, 6, 7, 8, 9, 10, 11, 12, 13, 14, 15, 16, 17, 18, 19, 20, 21, 22, 23, 24, 25, 26, 27, 28]
				}
			]
		},
		{
			"name": "Right Goggle",
			"origin": [0, 0, 0],
			"color": 0,
			"children": [
				29,
				{
					"name": "outside",
					"origin": [0, 0, 0],
					"color": 0,
					"children": [30, 31, 32, 33, 34, 35, 36, 37, 38, 39, 40, 41, 42, 43, 44, 45, 46, 47, 48, 49, 50, 51, 52, 53]
				}
			]
		}
	]
}