{
	"credit": "Made with Blockbench",
	"textures": {
		"0": "hat_textures/new_hat_texture",
		"particle": "hat_textures/new_hat_texture"
	},
	"elements": [
		{
			"from": [0, 0, 0],
			"to": [16, 1, 4],
			"faces": {
				"north": {"uv": [0, 0, 16, 1], "texture": "#0"},
				"east": {"uv": [0, 0, 4, 1], "texture": "#0"},
				"south": {"uv": [0, 0, 16, 1], "texture": "#0"},
				"west": {"uv": [0, 0, 4, 1], "texture": "#0"},
				"up": {"uv": [0, 8.5, 16, 12.5], "texture": "#0"},
				"down": {"uv": [0, 0, 16, 4], "texture": "#0"}
			}
		},
		{
			"from": [0, 0, 4],
			"to": [4, 1, 16],
			"faces": {
				"north": {"uv": [0, 0, 14.5, 4], "texture": "#0"},
				"east": {"uv": [0, 0, 14.5, 4], "texture": "#0"},
				"south": {"uv": [0, 0, 4.5, 1.5], "texture": "#0"},
				"west": {"uv": [0, 0, 14, 1.5], "texture": "#0"},
				"up": {"uv": [12, 0, 16, 14.5], "texture": "#0"},
				"down": {"uv": [0, 0, 4.5, 13], "texture": "#0"}
			}
		},
		{
			"from": [4, 0, 12],
			"to": [16, 1, 16],
			"faces": {
				"north": {"uv": [0, 0, 12, 1], "texture": "#0"},
				"east": {"uv": [0, 0, 4, 1], "texture": "#0"},
				"south": {"uv": [0, 0, 12, 1], "texture": "#0"},
				"west": {"uv": [0, 0, 4, 1], "texture": "#0"},
				"up": {"uv": [0, 0, 12, 4], "texture": "#0"},
				"down": {"uv": [0, 0, 12, 4], "texture": "#0"}
			}
		},
		{
			"from": [12, 0, 4],
			"to": [16, 1, 12],
			"faces": {
				"north": {"uv": [0, 0, 9.5, 4], "texture": "#0"},
				"east": {"uv": [9.5, 10, 16, 11], "texture": "#0"},
				"south": {"uv": [0, 0, 9.5, 4], "texture": "#0"},
				"west": {"uv": [0, 0, 9.5, 4], "texture": "#0"},
				"up": {"uv": [5, 3.5, 9.5, 14], "texture": "#0"},
				"down": {"uv": [5.5, 9.5, 9, 16], "texture": "#0"}
			}
		},
		{
			"from": [3, 1, 3],
			"to": [13, 3, 5],
			"faces": {
				"north": {"uv": [6, 14, 16, 16], "texture": "#0"},
				"east": {"uv": [0, 0, 2, 2], "texture": "#0"},
				"south": {"uv": [0, 0, 10, 2], "texture": "#0"},
				"west": {"uv": [0, 0, 2, 2], "texture": "#0"},
				"up": {"uv": [0, 0, 10, 2], "texture": "#0"},
				"down": {"uv": [0, 0, 10, 2], "texture": "#0"}
			}
		},
		{
			"from": [3, 1, 5],
			"to": [5, 3, 13],
			"faces": {
				"north": {"uv": [0, 0, 2, 2], "texture": "#0"},
				"east": {"uv": [0, 0, 8, 2], "texture": "#0"},
				"south": {"uv": [0, 0, 2, 2], "texture": "#0"},
				"west": {"uv": [0, 0, 8, 2], "texture": "#0"},
				"up": {"uv": [0, 0, 2, 8], "texture": "#0"},
				"down": {"uv": [0, 0, 2, 8], "texture": "#0"}
			}
		},
		{
			"from": [5, 1, 11],
			"to": [13, 3, 13],
			"faces": {
				"north": {"uv": [0, 0, 8, 2], "texture": "#0"},
				"east": {"uv": [0, 0, 2, 2], "texture": "#0"},
				"south": {"uv": [0, 0, 8, 2], "texture": "#0"},
				"west": {"uv": [0, 0, 2, 2], "texture": "#0"},
				"up": {"uv": [0, 0, 8, 2], "texture": "#0"},
				"down": {"uv": [0, 0, 8, 2], "texture": "#0"}
			}
		},
		{
			"from": [11, 1, 5],
			"to": [13, 3, 11],
			"faces": {
				"north": {"uv": [0, 0, 6, 2], "texture": "#0"},
				"east": {"uv": [0, 0, 6, 2], "texture": "#0"},
				"south": {"uv": [0, 0, 6, 2], "texture": "#0"},
				"west": {"uv": [0, 0, 6, 2], "texture": "#0"},
				"up": {"uv": [0, 0, 6, 2], "texture": "#0"},
				"down": {"uv": [0, 0, 6, 2], "texture": "#0"}
			}
		},
		{
			"from": [4, 3, 4],
			"to": [12, 4, 13],
			"faces": {
				"north": {"uv": [0, 0, 8, 1], "texture": "#0"},
				"east": {"uv": [0, 0, 9, 1], "texture": "#0"},
				"south": {"uv": [0, 0, 8, 1], "texture": "#0"},
				"west": {"uv": [0, 0, 9, 1], "texture": "#0"},
				"up": {"uv": [0, 0, 8, 9], "texture": "#0"},
				"down": {"uv": [0, 0, 8, 9], "texture": "#0"}
			}
		},
		{
			"from": [4, 4, 5],
			"to": [12, 6, 9],
			"faces": {
				"north": {"uv": [8, 11.5, 16, 13.5], "texture": "#0"},
				"east": {"uv": [5.5, 11.5, 9.5, 13.5], "texture": "#0"},
				"south": {"uv": [0, 0, 8, 2], "texture": "#0"},
				"west": {"uv": [11.5, 12, 15.5, 14], "texture": "#0"},
				"up": {"uv": [0, 0, 8, 4], "texture": "#0"},
				"down": {"uv": [0, 0, 8, 4], "texture": "#0"}
			}
		},
		{
			"from": [4, 7, 3],
			"to": [12, 9, 11],
			"rotation": {"angle": 22.5, "axis": "x", "origin": [0, 0, 0]},
			"faces": {
				"north": {"uv": [0, 0, 8, 2], "texture": "#0"},
				"east": {"uv": [0, 0, 8, 2], "texture": "#0"},
				"south": {"uv": [0, 0, 8, 2], "texture": "#0"},
				"west": {"uv": [0, 0, 8, 2], "texture": "#0"},
				"up": {"uv": [0, 0, 8, 8], "texture": "#0"},
				"down": {"uv": [0, 0, 8, 8], "texture": "#0"}
			}
		},
		{
			"from": [5, 9, 4],
			"to": [11, 10, 10.5],
			"rotation": {"angle": 22.5, "axis": "x", "origin": [0, 0, 0]},
			"faces": {
				"north": {"uv": [0, 0, 6, 1], "texture": "#0"},
				"east": {"uv": [0, 0, 6.5, 1], "texture": "#0"},
				"south": {"uv": [0, 0, 6, 1], "texture": "#0"},
				"west": {"uv": [0, 0, 6.5, 1], "texture": "#0"},
				"up": {"uv": [0, 0, 6, 6.5], "texture": "#0"},
				"down": {"uv": [0, 0, 6, 6.5], "texture": "#0"}
			}
		},
		{
			"from": [5.6, 10, 5],
			"to": [10.4, 11, 10],
			"rotation": {"angle": 22.5, "axis": "x", "origin": [0, 0, 0]},
			"faces": {
				"north": {"uv": [0, 0, 4.8, 1], "texture": "#0"},
				"east": {"uv": [0, 0, 5, 1], "texture": "#0"},
				"south": {"uv": [0, 0, 4.8, 1], "texture": "#0"},
				"west": {"uv": [0, 0, 5, 1], "texture": "#0"},
				"up": {"uv": [0, 0, 4.8, 5], "texture": "#0"},
				"down": {"uv": [0, 0, 4.8, 5], "texture": "#0"}
			}
		},
		{
			"from": [5.6, 12, 1],
			"to": [10.4, 14, 6],
			"rotation": {"angle": 45, "axis": "x", "origin": [0, 0, 0]},
			"faces": {
				"north": {"uv": [0, 0, 4.8, 2], "texture": "#0"},
				"east": {"uv": [0, 0, 5, 2], "texture": "#0"},
				"south": {"uv": [0, 0, 4.8, 2], "texture": "#0"},
				"west": {"uv": [0, 0, 5, 2], "texture": "#0"},
				"up": {"uv": [0, 0, 4.8, 5], "texture": "#0"},
				"down": {"uv": [0, 0, 4.8, 5], "texture": "#0"}
			}
		},
		{
			"from": [6.6, 14, 2],
			"to": [9.4, 16, 6],
			"rotation": {"angle": 45, "axis": "x", "origin": [0, 0, 0]},
			"faces": {
				"north": {"uv": [0, 0, 2.8, 2], "texture": "#0"},
				"east": {"uv": [0, 0, 4, 2], "texture": "#0"},
				"south": {"uv": [0, 0, 2.8, 2], "texture": "#0"},
				"west": {"uv": [0, 0, 4, 2], "texture": "#0"},
				"up": {"uv": [0, 0, 2.8, 4], "texture": "#0"},
				"down": {"uv": [0, 0, 2.8, 4], "texture": "#0"}
			}
		},
		{
			"from": [6.9, 7, 13],
			"to": [9.1, 9, 17],
			"faces": {
				"north": {"uv": [0, 0, 2.2, 2], "texture": "#0"},
				"east": {"uv": [11, 12, 15, 14], "texture": "#0"},
				"south": {"uv": [9, 11.5, 11.2, 13.5], "texture": "#0"},
				"west": {"uv": [5.5, 11.5, 9.5, 13.5], "texture": "#0"},
				"up": {"uv": [10.5, 7, 12.7, 11], "texture": "#0"},
				"down": {"uv": [13.8, 11.5, 16, 15.5], "texture": "#0"}
			}
		}
	],
	"display": {
		"thirdperson_righthand": {
			"translation": [0, 5, 0],
			"scale": [0.7, 0.7, 0.7]
		},
		"thirdperson_lefthand": {
			"translation": [0, 5, 0],
			"scale": [0.7, 0.7, 0.7]
		},
		"firstperson_righthand": {
			"translation": [1.5, 3.5, -0.25],
			"scale": [0.5, 0.5, 0.5]
		},
		"firstperson_lefthand": {
			"translation": [1.5, 3.5, -0.25],
			"scale": [0.5, 0.5, 0.5]
		},
		"ground": {
			"translation": [0, 2.25, 0],
			"scale": [0.7, 0.7, 0.7]
		},
		"gui": {
			"rotation": [27, 153, 0],
			"translation": [0, 3, 0],
			"scale": [0.71875, 0.71875, 0.71875]
		},
		"head": {
			"rotation": [11, 0, 0],
			"translation": [0, 14.75, 2],
			"scale": [1.4418, 1.4418, 1.4418]
		},
		"fixed": {
			"rotation": [90, 0, -180],
			"translation": [0, 0, -14],
			"scale": [1.85547, 1.85547, 1.85547]
		}
	},
	"groups": [
		{
			"name": "Tier 1",
			"origin": [0, 0, 0],
			"color": 0,
			"children": [0, 1, 2, 3]
		},
		{
			"name": "Tier 2",
			"origin": [8, 8, 8],
			"color": 0,
			"children": [4, 5, 6, 7]
		},
		8,
		9,
		10,
		11,
		12,
		13,
		14,
		15
	]
}